Title,Date
Spider-Man: Into the Spider-Verse,1/26/2023
Demon Slayer: Kimetsu no Yaiba: Mugen Train Arc: Deep Slumber,1/26/2023
Demon Slayer: Kimetsu no Yaiba: Mugen Train Arc: Flame Hashira Kyojuro Rengoku,1/26/2023
Cobra Kai: Season 2: Take a Right,1/26/2023
Cobra Kai: Season 2: All In,1/25/2023
Cobra Kai: Season 2: The Moment of Truth,1/25/2023
Cobra Kai: Season 2: Fire and Ice,1/25/2023
Cobra Kai: Season 2: Back in Black,1/24/2023
"Cobra Kai: Season 2: Mercy, Part II",1/24/2023
Cobra Kai: Season 1: Mercy,1/22/2023
Cobra Kai: Season 1: Different But Same,1/22/2023
Cobra Kai: Season 1: Molting,1/22/2023
Cobra Kai: Season 1: All Valley,1/22/2023
Cobra Kai: Season 1: Quiver,1/21/2023
Cobra Kai: Season 1: Counterbalance,1/20/2023
Cobra Kai: Season 1: Cobra Kai Never Dies,1/20/2023
Cobra Kai: Season 1: Esqueleto,1/20/2023
Cobra Kai: Season 1: Strike First,1/20/2023
Cobra Kai: Season 1: Ace Degenerate,1/18/2023
"Demon Slayer: Kimetsu no Yaiba: Tanjiro Kamado, Unwavering Resolve Arc: New Mission",1/17/2023
"Demon Slayer: Kimetsu no Yaiba: Tanjiro Kamado, Unwavering Resolve Arc: Tsuguko, Kanao Tsuyuri",1/17/2023
"Demon Slayer: Kimetsu no Yaiba: Tanjiro Kamado, Unwavering Resolve Arc: Rehabilitation Training",1/16/2023
"Demon Slayer: Kimetsu no Yaiba: Tanjiro Kamado, Unwavering Resolve Arc: Hashira Meeting",1/16/2023
"Demon Slayer: Kimetsu no Yaiba: Tanjiro Kamado, Unwavering Resolve Arc: Master of the Mansion",1/16/2023
"Demon Slayer: Kimetsu no Yaiba: Tanjiro Kamado, Unwavering Resolve Arc: Against Corps Rules",1/15/2023
"Demon Slayer: Kimetsu no Yaiba: Tanjiro Kamado, Unwavering Resolve Arc: Pretend Family",1/15/2023
New Girl: Season 3: Menus,1/14/2023
New Girl: Season 3: Coach,1/14/2023
Jerry Maguire,1/12/2023
Sweet & Sour,1/11/2023
Emily the Criminal,1/9/2023
Shutter Island,1/8/2023
When We First Met,1/7/2023
The Guernsey Literary and Potato Peel Pie Society,1/7/2023
Leap Year,1/7/2023
New Girl: Season 7: Engram Pattersky,1/6/2023
New Girl: Season 7: The Curse of the Pirate Bride,1/6/2023
New Girl: Season 7: Mario,1/6/2023
New Girl: Season 7: Godparents,1/6/2023
New Girl: Season 7: Where the Road Goes,1/6/2023
New Girl: Season 7: Lillypads,1/6/2023
New Girl: Season 7: Tuesday Meeting,1/6/2023
New Girl: Season 7: About Three Years Later,1/6/2023
New Girl: Season 6: Five Stars for Beezus,1/5/2023
New Girl: Season 4: Background Check,1/5/2023
New Girl: Season 4: Landline,1/5/2023
New Girl: Season 4: Micro,1/5/2023
New Girl: Season 4: Julie Berkman's Older Sister,1/5/2023
"tick, tick...BOOM!",1/5/2023
New Girl: Season 4: Dice,1/5/2023
New Girl: Season 1: Kryptonite,1/4/2023
New Girl: Season 1: Pilot,1/4/2023
New Girl: Season 3: Fired Up,12/26/2022
New Girl: Season 3: Sister III,12/26/2022
New Girl: Season 3: Sister II,12/26/2022
New Girl: Season 3: Sister,12/26/2022
New Girl: Season 3: Exes,12/26/2022
New Girl: Season 3: Prince,12/26/2022
Set It Up,12/25/2022
New Girl: Season 3: Birthday,12/25/2022
New Girl: Season 3: Basketsball,12/25/2022
New Girl: Season 3: Clavado En Un Bar,12/25/2022
New Girl: Season 3: Thanksgiving III,12/25/2022
New Girl: Season 3: Longest Night Ever,12/25/2022
Glass Onion: A Knives Out Mystery,12/25/2022
17 Again,12/24/2022
The Good Place: Season 2: Everything Is Great!,12/24/2022
The Good Place: Season 1: Michael's Gambit,12/24/2022
The Good Place: Season 1: Mindy St. Claire,12/24/2022
The Good Place: Season 1: What's My Motivation,12/24/2022
The Good Place: Season 1: Chidi's Choice,12/24/2022
The Good Place: Season 1: ...Someone Like Me as a Member,12/24/2022
The Good Place: Season 1: Most Improved Player,12/24/2022
The Good Place: Season 1: The Eternal Shriek,12/24/2022
The Good Place: Season 1: What We Owe to Each Other,12/24/2022
The Good Place: Season 1: Category 55 Emergency Doomsday Crisis,12/24/2022
The Good Place: Season 1: Jason Mendoza,12/23/2022
The Good Place: Season 1: Tahani Al-Jamil,12/23/2022
The Good Place: Season 1: Flying,12/23/2022
The Good Place: Season 1: Everything Is Fine,12/23/2022
Derry Girls: Season 3: Episode 7,12/23/2022
Derry Girls: Season 3: Episode 6,12/23/2022
Derry Girls: Season 3: Episode 5,12/23/2022
Wish Dragon,12/21/2022
Derry Girls: Season 3: Episode 4,12/19/2022
Derry Girls: Season 3: Episode 3,12/19/2022
Derry Girls: Season 3: Episode 2,12/19/2022
Vatican Girl: The Disappearance of Emanuela Orlandi: Limited Series: Part 1,12/17/2022
Sins of Our Mother: Limited Series: A Mother Knows,12/16/2022
Sins of Our Mother: Limited Series: Dark Spirits,12/16/2022
"Sins of Our Mother: Limited Series: The 144,000",12/15/2022
Crime Scene: The Texas Killing Fields: Limited Series: Nobody Sees Anything,12/14/2022
I Am Vanessa Guillen,12/13/2022
Avatar: The Last Airbender: Book 3: The Boiling Rock,12/8/2022
Avatar: The Last Airbender: Book 3: The Firebending Masters,12/8/2022
Avatar: The Last Airbender: Book 3: Sozin's Comet,12/8/2022
Ghislaine Maxwell: Filthy Rich,12/8/2022
Better Call Saul: Season 1: Uno,12/2/2022
El Camino: A Breaking Bad Movie,11/30/2022
Breaking Bad: Season 5: Felina,11/28/2022
Breaking Bad: Season 5: Granite State,11/28/2022
Breaking Bad: Season 5: Ozymandias,11/28/2022
Breaking Bad: Season 5: To'hajiilee,11/28/2022
Breaking Bad: Season 5: Rabid Dog,11/21/2022
Breaking Bad: Season 5: Confessions,11/17/2022
Breaking Bad: Season 5: Buried,11/16/2022
Breaking Bad: Season 5: Blood Money,11/13/2022
Breaking Bad: Season 5: Gliding Over All,11/12/2022
Capturing the Killer Nurse,11/11/2022
Breaking Bad: Season 5: Say My Name,11/11/2022
Breaking Bad: Season 5: Buyout,11/10/2022
Breaking Bad: Season 5: Dead Freight,11/9/2022
Breaking Bad: Season 5: Fifty-One,11/8/2022
Breaking Bad: Season 5: Hazard Pay,11/7/2022
BLOCKBUSTER: Pilot,11/6/2022
Breaking Bad: Season 5: Madrigal,11/4/2022
Breaking Bad: Season 5: Live Free Or Die,11/2/2022
Breaking Bad: Season 4: Face Off,11/1/2022
Breaking Bad: Season 4: End Times,10/30/2022
Breaking Bad: Season 4: Crawl Space,10/29/2022
Breaking Bad: Season 4: Salud,10/29/2022
Breaking Bad: Season 4: Bug,10/28/2022
Breaking Bad: Season 4: Hermanos,10/28/2022
Breaking Bad: Season 4: Problem Dog,10/28/2022
Breaking Bad: Season 4: Cornered,10/27/2022
Breaking Bad: Season 4: Shotgun,10/25/2022
Breaking Bad: Season 4: Bullet Points,10/20/2022
Breaking Bad: Season 4: Open House,10/19/2022
Breaking Bad: Season 4: Thirty-Eight Snub,10/19/2022
Breaking Bad: Season 4: Box Cutter,10/16/2022
How to Lose a Guy in 10 Days,10/15/2022
Breaking Bad: Season 3: Full Measure,10/15/2022
Breaking Bad: Season 3: Half Measures,10/14/2022
Breaking Bad: Season 3: Abiquiu,10/14/2022
Breaking Bad: Season 3: Fly,10/12/2022
Breaking Bad: Season 3: Kafkaesque,10/10/2022
Breaking Bad: Season 3: I See You,10/5/2022
Breaking Bad: Season 3: One Minute,10/4/2022
Breaking Bad: Season 3: Sunset,10/3/2022
Breaking Bad: Season 3: Mas,10/2/2022
Breaking Bad: Season 3: Green Light,9/30/2022
Breaking Bad: Season 3: I.F.T.,9/29/2022
Breaking Bad: Season 3: Caballo Sin Nombre,9/28/2022
Breaking Bad: Season 3: No Más,9/26/2022
Breaking Bad: Season 2: ABQ,9/26/2022
Breaking Bad: Season 2: Phoenix,9/25/2022
Breaking Bad: Season 2: Mandala,9/25/2022
Breaking Bad: Season 2: Over,9/24/2022
Breaking Bad: Season 2: 4 Days Out,9/24/2022
Breaking Bad: Season 2: Better Call Saul,9/22/2022
Breaking Bad: Season 2: Negro y Azul,9/19/2022
Breaking Bad: Season 2: Peekaboo,9/18/2022
Breaking Bad: Season 2: Breakage,9/17/2022
Breaking Bad: Season 2: Down,9/17/2022
Breaking Bad: Season 2: Bit by a Dead Bee,9/15/2022
Breaking Bad: Season 2: Grilled,9/14/2022
Breaking Bad: Season 2: Seven Thirty-Seven,9/13/2022
Breaking Bad: Season 1: A No-Rough-Stuff-Type Deal,9/13/2022
Breaking Bad: Season 1: Cancer Man,9/11/2022
Breaking Bad: Season 1: Crazy Handful of Nothin',9/11/2022
Breaking Bad: Season 1: Gray Matter,9/8/2022
Breaking Bad: Season 1: And the Bag's in the River,9/8/2022
Breaking Bad: Season 1: The Cat's in the Bag,9/8/2022
"The Innocence Files: Limited Series: The Prosecution: Wrong Place, Wrong Time",9/8/2022
Bridget Jones's Diary,9/7/2022
The Innocence Files: Limited Series: The Witness: Making Memory,9/2/2022
The Innocence Files: Limited Series: The Witness: The Trials of Franky Carrillo,9/1/2022
The Innocence Files: Limited Series: The Witness: The Murder of Donald Sarpy,9/1/2022
The Innocence Files: Limited Series: The Evidence: The Duty to Correct,8/30/2022
The Innocence Files: Limited Series: The Evidence: The Truth Will Defend Me,8/24/2022
The Innocence Files: Limited Series: The Evidence: Indeed and Without Doubt,8/22/2022
Sophie: A Murder in West Cork: Limited Series: The Suspect,8/18/2022
Untold: The Girlfriend Who Didn't Exist: Part 1,8/17/2022
Breaking Bad: Season 1: Pilot,8/15/2022
I Just Killed My Dad: Season 1: Big Bad Burt,8/15/2022
I Just Killed My Dad: Season 1: I Found My Son,8/11/2022
I Just Killed My Dad: Season 1: I'm Not A Killer,8/10/2022
Jeffrey Epstein: Filthy Rich: Limited Series: Follow the Money,8/8/2022
Jeffrey Epstein: Filthy Rich: Limited Series: Hunting Grounds,8/7/2022
How to Train Your Dragon 2,8/4/2022
DreamWorks Kung Fu Panda Awesome Secrets: Play All Two: Kung Fu Panda Awesome Secrets,8/2/2022
The Puppet Master: Hunting the Ultimate Conman: Season 1: They Vanished,8/1/2022
Our Father,7/30/2022
Sophie: A Murder in West Cork: Limited Series: The World Turned Upside Down,7/29/2022
Outlander: Season 1: The Reckoning,7/21/2022
Outlander: Season 1: Both Sides Now,7/21/2022
"Grey's Anatomy: Season 9: Going, Going, Gone",7/19/2022
Outlander: Season 1: The Wedding,7/18/2022
Outlander: Season 1: Castle Leoch,7/18/2022
Outlander: Season 1: The Garrison Commander,7/18/2022
Outlander: Season 1: Sassenach,7/17/2022
Girl in the Picture,7/15/2022
Mean Girls,7/8/2022
Stranger Things: Stranger Things 4: Chapter Nine: The Piggyback,7/2/2022
Stranger Things: Stranger Things 4: Chapter Eight: Papa,7/2/2022
The Umbrella Academy: Season 3: Oblivion,6/28/2022
The Umbrella Academy: Season 3: Seven Bells,6/28/2022
The Umbrella Academy: Season 3: Auf Wiedersehen,6/27/2022
The Umbrella Academy: Season 3: Marigold,6/26/2022
Criminal Minds: Season 6: Remembrance Of Things Past,6/25/2022
Criminal Minds: Season 6: JJ,6/24/2022
Criminal Minds: Season 6: Longest Night,6/21/2022
Criminal Minds: Season 5: Our Darkest Hour,6/17/2022
Criminal Minds: Season 5: The Internet Is Forever,6/17/2022
Criminal Minds: Season 5: Exit Wounds,6/17/2022
Keep Sweet: Pray and Obey: Limited Series: Part Four,6/15/2022
Keep Sweet: Pray and Obey: Limited Series: Part Three,6/15/2022
Keep Sweet: Pray and Obey: Limited Series: Part Two,6/15/2022
Keep Sweet: Pray and Obey: Limited Series: Part One,6/14/2022
The Crown: Season 1: Hyde Park Corner,6/14/2022
The Crown: Season 1: Wolferton Splash,6/13/2022
Heartstopper: Boyfriend,6/11/2022
Downton Abbey: Series 6: The Finale,6/9/2022
Downton Abbey: Series 6: Episode 8,6/8/2022
In Bruges,6/7/2022
Irreplaceable You,6/7/2022
Downton Abbey: Series 6: Episode 7,6/7/2022
Downton Abbey: Series 6: Episode 6,6/7/2022
Downton Abbey: Series 6: Episode 5,6/7/2022
Downton Abbey: Series 6: Episode 4,6/7/2022
Downton Abbey: Series 6: Episode 3,6/7/2022
Downton Abbey: Series 6: Episode 2,6/6/2022
Downton Abbey: Series 6: Episode 1,6/6/2022
Downton Abbey: Series 5: A Moorland Holiday,6/5/2022
Downton Abbey: Series 5: Episode 8,6/4/2022
All The Bright Places,5/31/2022
Downton Abbey: Series 5: Episode 7,5/29/2022
Stranger Things: Stranger Things 4: Chapter Seven: The Massacre at Hawkins Lab,5/28/2022
Stranger Things: Stranger Things 4: Chapter Six: The Dive,5/28/2022
Stranger Things: Stranger Things 4: Chapter Five: The Nina Project,5/28/2022
Stranger Things: Stranger Things 4: Chapter Four: Dear Billy,5/27/2022
Stranger Things: Stranger Things 4: Chapter Three: The Monster and the Superhero,5/27/2022
Stranger Things: Stranger Things 4: Chapter One: The Hellfire Club,5/27/2022
Stranger Things: Stranger Things 4: Chapter Two: Vecna's Curse,5/27/2022
Downton Abbey: Series 5: Episode 6,5/16/2022
Downton Abbey: Series 5: Episode 5,5/16/2022
Hook,5/15/2022
Downton Abbey: Series 5: Episode 4,5/11/2022
Downton Abbey: Series 5: Episode 3,5/11/2022
Downton Abbey: Series 5: Episode 2,5/11/2022
Downton Abbey: Series 5: Episode 1,5/11/2022
Anohana: The Flower We Saw That Day: Episode 3,5/6/2022
Anohana: The Flower We Saw That Day: Episode 2,5/6/2022
Downton Abbey: Series 4: The London Season,5/6/2022
Anohana: The Flower We Saw That Day: Episode 1,5/6/2022
Downton Abbey: Series 4: Episode 8,5/5/2022
Downton Abbey: Series 4: Episode 7,5/5/2022
Downton Abbey: Series 4: Episode 6,5/4/2022
Downton Abbey: Series 4: Episode 5,5/4/2022
Downton Abbey: Series 4: Episode 4,5/4/2022
Downton Abbey: Series 4: Episode 3,5/4/2022
Downton Abbey: Series 4: Episode 2,5/3/2022
Downton Abbey: Series 4: Episode 1,5/3/2022
Downton Abbey: Series 3: A Journey to the Highlands,5/1/2022
Downton Abbey: Series 3: Episode 8,4/29/2022
Downton Abbey: Series 3: Episode 7,4/28/2022
Downton Abbey: Series 3: Episode 6,4/27/2022
Downton Abbey: Series 3: Episode 5,4/27/2022
Downton Abbey: Series 3: Episode 4,4/26/2022
Heartstopper: Bully,4/25/2022
Downton Abbey: Series 3: Episode 3,4/25/2022
Heartstopper: Girls,4/25/2022
Downton Abbey: Series 3: Episode 2,4/25/2022
Heartstopper: Friend,4/24/2022
Heartstopper: Secret,4/24/2022
Heartstopper: Kiss,4/24/2022
Heartstopper: Crush,4/23/2022
Heartstopper: Meet,4/23/2022
Derry Girls: Season 1: Episode 6,4/23/2022
Derry Girls: Season 1: Episode 5,4/23/2022
Derry Girls: Season 1: Episode 4,4/23/2022
Derry Girls: Season 1: Episode 3,4/22/2022
Derry Girls: Season 1: Episode 2,4/22/2022
Derry Girls: Season 1: Episode 1,4/22/2022
"The Circle: Season 1: Hello, Circle",4/18/2022
"The Circle: Season 3: Circle, Did You Miss Me?",4/18/2022
Downton Abbey: Series 3: Episode 1,4/16/2022
Downton Abbey: Series 2: Christmas at Downton Abbey,4/16/2022
Downton Abbey: Series 2: Episode 8,4/16/2022
Downton Abbey: Series 2: Episode 7,4/16/2022
Trivia Quest: Time After Time,4/15/2022
Trivia Quest: Body Language,4/15/2022
Trivia Quest: Tune In,4/15/2022
Trivia Quest: Reel Talk,4/15/2022
Bridgerton: Season 2: The Viscount Who Loved Me,4/10/2022
Bridgerton: Season 2: Harmony,4/10/2022
Bridgerton: Season 2: The Choice,4/10/2022
Bridgerton: Season 2: An Unthinkable Fate,4/9/2022
Bridgerton: Season 2: Victory,4/9/2022
Bridgerton: Season 2: A Bee in Your Bonnet,4/9/2022
Bridgerton: Season 2: Off to the Races,4/8/2022
Bridgerton: Season 2: Capital R Rake,4/8/2022
Bridgerton: Season 1: The Duke and I,4/8/2022
Brand New Cherry Flavor: Limited Series: Tadpole Smoothie,3/12/2022
 ,2/3/2022
Easy A,2/3/2022
Afterlife of the Party,2/2/2022
He's All That,2/2/2022
Monte Carlo,2/2/2022
 ,2/2/2022
Bride Wars,2/1/2022
Finding ‘Ohana,1/29/2022
The Royal Treatment,1/28/2022
Don't Look Up,1/28/2022
The Kissing Booth,1/21/2022
The Amazing Spider-Man,1/21/2022
Hype House: Love and Social Media,1/21/2022
Hype House: A Hype House Divided,1/21/2022
How to Train Your Dragon,1/21/2022
Dear White People: Volume 1: Chapter V,1/16/2022
Dear White People: Volume 1: Chapter IV,1/16/2022
Dear White People: Volume 1: Chapter III,1/16/2022
Dear White People: Volume 1: Chapter II,1/16/2022
Why Did You Kill Me?,1/15/2022
Anonymously Yours,1/15/2022
Dear White People: Volume 1: Chapter I,1/15/2022
Selling Sunset: Season 4: Very High Heels to Fill,1/14/2022
Crime Scene: The Times Square Killer: Limited Series: End of an Era,1/14/2022
Crime Scene: The Times Square Killer: Limited Series: The Perfect Hunting Ground,1/14/2022
Money Heist: Part 1: Episode 4,1/14/2022
She's the Man,1/13/2022
Money Heist: Part 1: Episode 3,1/13/2022
The End of the F***ing World: Season 1: Episode 4,1/11/2022
The End of the F***ing World: Season 1: Episode 3,1/11/2022
The End of the F***ing World: Season 1: Episode 2,1/11/2022
The End of the F***ing World: Season 1: Episode 1,1/11/2022
Soul Surfer,1/10/2022
Money Heist: Part 1: Episode 2,1/9/2022
Criminal Minds: Season 5: ...A Thousand Words,1/9/2022
Criminal Minds: Season 5: Rite Of Passage,1/8/2022
Criminal Minds: Season 5: The Fight,1/7/2022
Criminal Minds: Season 5: Solitary Man,1/7/2022
Criminal Minds: Season 5: Mosley Lane,1/6/2022
Criminal Minds: Season 5: Public Enemy,1/6/2022
Criminal Minds: Season 5: Parasite,1/5/2022
Criminal Minds: Season 5: Risky Business,1/5/2022
Crime Scene: The Times Square Killer: Limited Series: Murder on 42nd St.,1/4/2022
Criminal Minds: Season 5: The Uncanny Valley,1/4/2022
Criminal Minds: Season 5: Retaliation,1/4/2022
Criminal Minds: Season 5: The Slave Of Duty,1/2/2022
Criminal Minds: Season 5: 100,1/2/2022
Criminal Minds: Season 5: Outfoxed,1/2/2022
Criminal Minds: Season 5: The Performer,1/2/2022
Criminal Minds: Season 5: The Eyes Have It,1/2/2022
Criminal Minds: Season 5: Cradle to Grave,1/2/2022
Criminal Minds: Season 5: Hopeless,1/1/2022
Criminal Minds: Season 5: Reckoner,1/1/2022
Criminal Minds: Season 5: Haunted,1/1/2022
"Criminal Minds: Season 5: Faceless, Nameless",1/1/2022
Money Heist: Part 1: Episode 1,12/23/2021
Criminal Minds: Season 4: ...And Back,12/19/2021
Criminal Minds: Season 4: To Hell..,12/19/2021
Criminal Minds: Season 4: Amplification,12/14/2021
Criminal Minds: Season 4: Roadkill,12/14/2021
Criminal Minds: Season 4: The Big Wheel,12/14/2021
Criminal Minds: Season 4: A Shade of Gray,12/14/2021
Criminal Minds: Season 4: Conflicted,12/13/2021
Criminal Minds: Season 4: House on Fire,12/13/2021
Criminal Minds: Season 4: Omnivore,12/13/2021
Criminal Minds: Season 4: Demonology,12/13/2021
Criminal Minds: Season 4: Pleasure Is My Business,12/13/2021
Criminal Minds: Season 4: Zoe's Reprise,12/13/2021
Criminal Minds: Season 4: Cold Comfort,12/12/2021
Criminal Minds: Season 4: Bloodline,12/12/2021
You: Season 3: So I Married an Axe Murderer,12/11/2021
You: Season 3: And They Lived Happily Ever After,12/11/2021
Criminal Minds: Season 4: Soul Mates,12/10/2021
Criminal Minds: Season 4: Normal,12/10/2021
Criminal Minds: Season 4: Brothers in Arms,12/10/2021
Criminal Minds: Season 4: 52 Pickup,12/10/2021
Criminal Minds: Season 4: Masterpiece,12/9/2021
Criminal Minds: Season 4: Memoriam,12/9/2021
Criminal Minds: Season 4: The Instincts,12/8/2021
Community: Season 1: Community,12/8/2021
Criminal Minds: Season 4: Catching Out,12/7/2021
Criminal Minds: Season 4: Paradise,12/7/2021
Criminal Minds: Season 4: Minimal Loss,12/7/2021
Criminal Minds: Season 4: The Angel Maker,12/5/2021
Criminal Minds: Season 4: Mayhem,12/5/2021
Criminal Minds: Season 3: Lo-Fi,12/4/2021
Criminal Minds: Season 3: Tabula Rasa,12/4/2021
Criminal Minds: Season 3: The Crossing,12/4/2021
Criminal Minds: Season 3: In Heat,12/3/2021
Criminal Minds: Season 3: Elephant's Memory,12/3/2021
Criminal Minds: Season 3: A Higher Power,12/3/2021
Criminal Minds: Season 3: Damaged,12/1/2021
Criminal Minds: Season 3: Limelight,12/1/2021
Criminal Minds: Season 3: 3rd Life,12/1/2021
Criminal Minds: Season 3: Birthright,11/30/2021
Criminal Minds: Season 3: True Night,11/30/2021
Criminal Minds: Season 3: Penelope,11/30/2021
Criminal Minds: Season 3: Lucky,11/30/2021
Criminal Minds: Season 3: Identity,11/29/2021
Criminal Minds: Season 3: About Face,11/28/2021
Criminal Minds: Season 3: Seven Seconds,11/28/2021
Criminal Minds: Season 3: Children of the Dark,11/28/2021
Criminal Minds: Season 3: Scared to Death,11/28/2021
Criminal Minds: Season 3: In Name and Blood,11/28/2021
Criminal Minds: Season 3: Doubt,11/28/2021
Nocturnal Animals,11/28/2021
"Criminal Minds: Season 2: No Way Out, Part 2: The Evilution of Frank",11/28/2021
Criminal Minds: Season 2: Legacy,11/27/2021
Criminal Minds: Season 2: Open Season,11/27/2021
Criminal Minds: Season 2: Honor Among Thieves,11/27/2021
Criminal Minds: Season 2: Ashes and Dust,11/26/2021
Criminal Minds: Season 2: Jones,11/26/2021
Criminal Minds: Season 2: Distress,11/21/2021
Criminal Minds: Season 2: Fear and Loathing,11/18/2021
Criminal Minds: Season 2: Revelations,11/17/2021
Criminal Minds: Season 2: The Big Game,11/17/2021
Criminal Minds: Season 2: No Way Out,11/17/2021
"Criminal Minds: Season 2: Profiler, Profiled",11/17/2021
"Criminal Minds: Season 2: Sex, Birth, Death",11/17/2021
Criminal Minds: Season 2: Lessons Learned,11/16/2021
Criminal Minds: Season 2: The Last Word,11/16/2021
Criminal Minds: Season 2: Empty Planet,11/15/2021
Criminal Minds: Season 2: North Mammon,11/15/2021
Criminal Minds: Season 2: The Boogeyman,11/15/2021
Criminal Minds: Season 2: Aftermath,11/15/2021
Passing,11/15/2021
Criminal Minds: Season 2: Psychodrama,11/13/2021
Criminal Minds: Season 2: The Perfect Storm,11/12/2021
DASH & LILY: New Year's Eve,11/11/2021
DASH & LILY: Christmas,11/11/2021
DASH & LILY: Christmas Eve,11/11/2021
DASH & LILY: Sofia & Edgar,11/11/2021
DASH & LILY: Cinderella,11/11/2021
DASH & LILY: Hanukkah,11/11/2021
DASH & LILY: Lily,11/11/2021
DASH & LILY: Dash,11/11/2021
You: Season 3: What Is Love?,11/11/2021
You: Season 3: Red Flag,11/10/2021
You: Season 3: Swing and a Miss,11/10/2021
You: Season 3: We're All Mad Here,11/10/2021
House of Secrets: The Burari Deaths: Limited Series: Beyond 11,11/9/2021
The DUFF,11/8/2021
Found,11/7/2021
"You: Season 2: Love, Actually",11/6/2021
You: Season 2: P.I. Joe,11/6/2021
You: Season 2: Fear and Loathing in Beverly Hills,11/5/2021
You: Season 2: Ex-istential Crisis,11/4/2021
"You: Season 2: Farewell, My Bunny",11/4/2021
"You: Season 2: Have a Good Wellkend, Joe!",11/4/2021
"You: Season 2: The Good, the Bad, & the Hendy",11/4/2021
You: Season 2: What Are Friends For?,11/3/2021
You: Season 2: Just the Tip,11/3/2021
You: Season 2: A Fresh Start,11/3/2021
You: Season 1: Bluebeard's Castle,11/3/2021
You: Season 1: Candace,11/3/2021
"You: Season 1: You Got Me, Babe",11/3/2021
You: Season 1: Everythingship,11/2/2021
You: Season 1: Amour Fou,11/2/2021
You: Season 1: Living with the Enemy,11/2/2021
You: Season 1: The Captain,11/1/2021
You: Season 1: Maybe,11/1/2021
You: Season 1: The Last Nice Guy in New York,11/1/2021
You: Season 1: Pilot,11/1/2021
Criminal Minds: Season 2: P911,10/24/2021
Criminal Minds: Season 2: The Fisher King: Part 2,10/24/2021
Criminal Minds: The Fisher King: Part 1,10/23/2021
House of Secrets: The Burari Deaths: Limited Series: 11 Diaries,10/22/2021
House of Secrets: The Burari Deaths: Limited Series: 11 Bodies,10/21/2021
Criminal Minds: Secrets and Lies,10/14/2021
Criminal Minds: Charm and Harm,10/14/2021
Criminal Minds: Machismo,10/14/2021
Criminal Minds: Somebody's Watching,10/13/2021
Criminal Minds: A Real Rain,10/13/2021
Criminal Minds: The Tribe,10/12/2021
Criminal Minds: Unfinished Business,10/11/2021
Criminal Minds: Riding the Lightning,10/11/2021
Criminal Minds: Poison,10/11/2021
Criminal Minds: What Fresh Hell?,10/10/2021
Criminal Minds: Blood Hungry,10/10/2021
Criminal Minds: The Popular Kids,10/10/2021
Criminal Minds: Derailed,10/10/2021
Criminal Minds: Natural Born Killer,10/9/2021
Criminal Minds: The Fox,10/9/2021
Criminal Minds: L.D.S.K.,10/9/2021
Criminal Minds: Broken Mirror,10/8/2021
Criminal Minds: Plain Sight,10/8/2021
Criminal Minds: Won't Get Fooled Again,10/7/2021
Criminal Minds: Compulsion,10/7/2021
Criminal Minds: Extreme Aggressor,10/7/2021
Ouran High School Host Club: This is Our Ouran Fair!,10/6/2021
Ouran High School Host Club: The Host Club Declares Dissolution!,10/6/2021
Ouran High School Host Club: And so Kyoya Met Him!,10/5/2021
Ouran High School Host Club: Tamaki's Unwitting Depression!,10/5/2021
Ouran High School Host Club: Mori-senpai Has an Apprentice Candidate!,10/5/2021
Ouran High School Host Club: Until the Day it Becomes a Pumpkin!,10/5/2021
Ouran High School Host Club: The Door the Twins Opened!,10/5/2021
Ouran High School Host Club: Lobelia Girls' Academy Strikes Back!,10/5/2021
Ouran High School Host Club: Chika's 'Down with Honey' Declaration!,10/5/2021
Ouran High School Host Club: Kyoya's Reluctant Day Out!,10/4/2021
Ouran High School Host Club: Operation Haruhi and Hikaru's First Date!,10/4/2021
Ouran High School Host Club: The Refreshing Battle in Karuizawa!,10/4/2021
Ouran High School Host Club: Covering the Famous Host Club!,10/4/2021
Ouran High School Host Club: Haruhi in Wonderland!,10/4/2021
Ouran High School Host Club: Honey's Three Bitter Days!,10/3/2021
Ouran High School Host Club: Big Brother is a Prince!,10/3/2021
Ouran High School Host Club: A Day in the Life of the Fujioka Family!,10/2/2021
Ouran High School Host Club: A Challenge from Lobelia Girls' Academy!,10/2/2021
"Ouran High School Host Club: The Sun, the Sea and the Host Club!",10/1/2021
Ouran High School Host Club: Jungle Pool SOS!,10/1/2021
Ouran High School Host Club: The Grade School Host is the Naughty Type!,9/30/2021
Ouran High School Host Club: The Twins Fight!,9/30/2021
Ouran High School Host Club: Attack of the Lady Manager!,9/30/2021
Ouran High School Host Club: Beware the Physical Exam!,9/30/2021
Ouran High School Host Club: The Job of a High School Host!,9/29/2021
"Ouran High School Host Club: Starting Today, You Are a Host!",9/29/2021
Someone Great,9/28/2021
The Edge of Seventeen,9/28/2021
To All the Boys I’ve Loved Before,9/25/2021
Monsters Inside: The 24 Faces of Billy Milligan: Limited Series: The Campus Rapist,9/22/2021
The Legend of Korra: Book Two: Spirits: A New Spiritual Age,9/21/2021
The Legend of Korra: Book Two: Spirits: The Guide,9/21/2021
Freedom Writers,9/21/2021
Life as We Know It,9/19/2021
The Legend of Korra: Book Two: Spirits: Beginnings: Part 2,9/19/2021
The Legend of Korra: Book Two: Spirits: Beginnings: Part 1,9/19/2021
The Legend of Korra: Book Two: Spirits: The Sting,9/18/2021
The Legend of Korra: Book Two: Spirits: Peacekeepers,9/18/2021
The Legend of Korra: Book Two: Spirits: Civil Wars: Part 2,9/18/2021
A Cinderella Story,9/17/2021
The Legend of Korra: Book Two: Spirits: Civil Wars: Part 1,9/15/2021
The Legend of Korra: Book Two: Spirits: The Southern Lights,9/15/2021
The Legend of Korra: Book Two: Spirits: Rebel Spirit,9/15/2021
The Legend of Korra: Book One: Air: Endgame,9/15/2021
The Legend of Korra: Book One: Air: Skeletons in the Closet,9/15/2021
The Legend of Korra: Book One: Air: Turning the Tides,9/15/2021
The Legend of Korra: Book One: Air: Out of the Past,9/15/2021
The Legend of Korra: Book One: Air: When Extremes Meet,9/15/2021
The Legend of Korra: Book One: Air: The Aftermath,9/15/2021
The Legend of Korra: Book One: Air: And the Winner Is…,9/15/2021
The Legend of Korra: Book One: Air: The Spirit of Competition,9/15/2021
The Legend of Korra: Book One: Air: The Voice in the Night,9/15/2021
The Legend of Korra: Book One: Air: The Revelation,9/15/2021
The Legend of Korra: Book One: Air: A Leaf in the Wind,9/15/2021
The Legend of Korra: Book One: Air: Welcome to Republic City,9/14/2021
Downton Abbey: Series 2: Episode 6,9/14/2021
Downton Abbey: Series 2: Episode 5,9/13/2021
Avatar: The Last Airbender: Book 3: The Ember Island Players,9/13/2021
Avatar: The Last Airbender: Book 3: The Southern Raiders,9/12/2021
Avatar: The Last Airbender: Book 3: The Western Air Temple,9/11/2021
Avatar: The Last Airbender: Book 3: Day of the Black Sun,9/11/2021
Avatar: The Last Airbender: Book 3: Nightmares and Daydreams,9/11/2021
Avatar: The Last Airbender: Book 3: The Puppetmaster,9/11/2021
Avatar: The Last Airbender: Book 3: The Runaway,9/11/2021
Avatar: The Last Airbender: Book 3: The Avatar and the Firelord,9/11/2021
Avatar: The Last Airbender: Book 3: The Beach,9/11/2021
Avatar: The Last Airbender: Book 3: Sokka's Master,9/11/2021
Avatar: The Last Airbender: Book 3: The Painted Lady,9/11/2021
Avatar: The Last Airbender: Book 3: The Headband,9/10/2021
Avatar: The Last Airbender: Book 3: The Awakening,9/10/2021
Avatar: The Last Airbender: Book 2: The Guru / The Crossroads of Destiny,9/10/2021
Avatar: The Last Airbender: Book 2: The Earth King,9/9/2021
Avatar: The Last Airbender: Book 2: Lake Laogai,9/9/2021
Avatar: The Last Airbender: Book 2: Appa's Lost Days,9/9/2021
Avatar: The Last Airbender: Book 2: Tales of Ba Sing Se,9/9/2021
Avatar: The Last Airbender: Book 2: City of Walls and Secrets,9/9/2021
Avatar: The Last Airbender: Book 2: The Secret of the Fire Nation,9/9/2021
Avatar: The Last Airbender: Book 2: The Desert,9/9/2021
Avatar: The Last Airbender: Book 2: The Library,9/9/2021
Avatar: The Last Airbender: Book 2: Bitter Work,9/8/2021
Avatar: The Last Airbender: Book 2: The Chase,9/8/2021
Avatar: The Last Airbender: Book 2: Zuko Alone,9/8/2021
Avatar: The Last Airbender: Book 2: The Blind Bandit,9/8/2021
Avatar: The Last Airbender: Book 2: Avatar Day,9/8/2021
Avatar: The Last Airbender: Book 2: The Swamp,9/8/2021
Avatar: The Last Airbender: Book 2: Return to Omashu,9/8/2021
Avatar: The Last Airbender: Book 2: The Cave of Two Lovers,9/8/2021
Avatar: The Last Airbender: Book 2: The Avatar State,9/8/2021
Avatar: The Last Airbender: Book 1: The Siege of the North: Part 2,9/8/2021
Avatar: The Last Airbender: Book 1: The Siege of the North: Part 1,9/8/2021
Avatar: The Last Airbender: Book 1: The Waterbending Master,9/8/2021
Avatar: The Last Airbender: Book 1: The Northern Air Temple,9/8/2021
Avatar: The Last Airbender: Book 1: The Deserter,9/8/2021
Avatar: The Last Airbender: Book 1: Bato of the Water Tribe,9/7/2021
Avatar: The Last Airbender: Book 1: The Fortune-Teller,9/7/2021
Avatar: The Last Airbender: Book 1: The Blue Spirit,9/7/2021
Avatar: The Last Airbender: Book 1: The Storm,9/7/2021
Avatar: The Last Airbender: Book 1: The Great Divide,9/7/2021
Avatar: The Last Airbender: Book 1: Jet,9/6/2021
Avatar: The Last Airbender: Book 1: The Waterbending Scroll,9/6/2021
Avatar: The Last Airbender: Book 1: Winter Solstice: Part 2: Avatar Roku,9/6/2021
Avatar: The Last Airbender: Book 1: Winter Solstice: Part 1: The Spirit World,9/6/2021
Avatar: The Last Airbender: Book 1: Imprisoned,9/5/2021
Avatar: The Last Airbender: Book 1: The King of Omashu,9/5/2021
Avatar: The Last Airbender: Book 1: The Warriors of Kyoshi,9/5/2021
Avatar: The Last Airbender: Book 1: The Southern Air Temple,9/3/2021
Avatar: The Last Airbender: Book 1: The Avatar Returns,9/3/2021
Avatar: The Last Airbender: Book 1: The Boy in the Iceberg,9/2/2021
Cloudy with a Chance of Meatballs 2,9/1/2021
The Chair: The Faculty Party,8/31/2021
The Chair: Brilliant Mistake,8/31/2021
Cloudy with a Chance of Meatballs,8/30/2021
Bee Movie,8/29/2021
Legally Blonde,8/27/2021
Ferris Bueller's Day Off,8/27/2021
The Twilight Saga: Breaking Dawn: Part 2,8/25/2021
The Twilight Saga: Breaking Dawn: Part 1,8/25/2021
Outer Banks: Season 1: Pilot,8/24/2021
The Prince & Me,8/23/2021
Anne with an E: Season 3: The Better Feelings of My Heart,8/22/2021
Anne with an E: Season 3: A Dense and Frightful Darkness,8/22/2021
Anne with an E: Season 3: Great and Sudden Change,8/22/2021
Anne with an E: Season 3: A Strong Effort of the Spirit of Good,8/22/2021
Anne with an E: Season 3: The Summit of My Desires,8/22/2021
Anne with an E: Season 3: I Am Fearless and Therefore Powerful,8/22/2021
Anne with an E: Season 3: A Hope of Meeting You in Another World,8/21/2021
Anne with an E: Season 3: What Can Stop the Determined Heart,8/21/2021
Anne with an E: Season 3: There Is Something at Work in My Soul Which I Do Not Understand,8/21/2021
Anne with an E: Season 3: A Secret Which I Desired to Divine,8/21/2021
Anne with an E: Season 2: The Growing Good of the World,8/19/2021
Anne with an E: Season 2: What We Have Been Makes Us What We Are,8/19/2021
Anne with an E: Season 2: Struggling Against the Perception of Facts,8/18/2021
Anne with an E: Season 2: Memory Has as Many Moods as the Temper,8/18/2021
Anne with an E: Season 2: I Protest Against Any Absolute Conclusion,8/18/2021
Anne with an E: Season 2: The Determining Acts of Her Life,8/18/2021
Anne with an E: Season 2: The Painful Eagerness of Unfed Hope,8/18/2021
Anne with an E: Season 2: The True Seeing Is Within,8/17/2021
"Anne with an E: Season 2: Signs Are Small Measurable Things, But Interpretations Are Illimitable",8/17/2021
Anne with an E: Season 2: Youth Is the Season of Hope,8/17/2021
Anne with an E: Season 1: Wherever You Are Is My Home,8/16/2021
Anne with an E: Season 1: Remorse Is the Poison of Life,8/16/2021
Anne with an E: Season 1: Tightly Knotted to a Similar String,8/16/2021
Anne with an E: Season 1: An Inward Treasure Born,8/16/2021
Anne with an E: Season 1: But What Is So Headstrong as Youth?,8/16/2021
How to Get Away With Murder: Season 6: Stay,8/13/2021
How to Get Away With Murder: Season 6: Annalise Keating is Dead,8/13/2021
How to Get Away With Murder: Season 6: What if Sam Wasn't the Bad Guy This Whole Time?,8/13/2021
How to Get Away With Murder: Season 6: Let's Hurt Him,8/12/2021
Kung Fu Panda 2,8/8/2021
Kung Fu Panda,8/8/2021
How to Get Away With Murder: Season 6: The Reckoning,8/7/2021
How to Get Away With Murder: Season 6: We're Not Getting Away With It,8/6/2021
How to Get Away With Murder: Season 6: Are You the Mole?,8/5/2021
How to Get Away With Murder: Season 6: I Want to Be Free,8/4/2021
How to Get Away With Murder: Season 6: I'm the Murderer,8/1/2021
How to Get Away With Murder: Season 6: Family Sucks,8/1/2021
How to Get Away With Murder: Season 6: We're All Gonna Die,8/1/2021
How to Get Away With Murder: Season 6: I Hate the World,8/1/2021
How to Get Away With Murder: Season 6: Do You Think I'm a Bad Man?,8/1/2021
How to Get Away With Murder: Season 5: Be the Martyr,8/1/2021
How to Get Away With Murder: Season 6: Vivian's Here,7/30/2021
How to Get Away With Murder: Season 6: Say Goodbye,7/30/2021
How to Get Away With Murder: Season 5: Please Say No One Else Is Dead,7/29/2021
How to Get Away With Murder: Season 5: Make Me the Enemy,7/28/2021
How to Get Away With Murder: Season 5: Where Are Your Parents?,7/28/2021
How to Get Away With Murder: Season 5: We Know Everything,7/27/2021
How to Get Away With Murder: Season 5: Don't Go Dark on Me,7/24/2021
Downton Abbey: Series 2: Episode 4,7/24/2021
Twilight,7/23/2021
How to Get Away With Murder: Season 5: He Betrayed Us Both,7/21/2021
How to Get Away With Murder: Season 5: I Want to Love You Until the Day I Die,7/20/2021
How to Get Away With Murder: Season 5: I Got Played,7/18/2021
How to Get Away With Murder: Season 5: We Can Find Him,7/16/2021
How to Get Away With Murder: Season 5: It Was the Worst Day of My Life,7/15/2021
How to Get Away With Murder: Season 5: It's Her Kid,7/8/2021
How to Get Away With Murder: Season 5: The Baby Was Never Dead,7/4/2021
Downton Abbey: Series 2: Episode 3,7/3/2021
How to Get Away With Murder: Season 5: Whose Blood Is That?,7/3/2021
How to Get Away With Murder: Season 5: Your Funeral,7/3/2021
How to Get Away With Murder: Season 4: Nobody Else Is Dying,7/3/2021
Sex/Life: Empire State of Mind,6/29/2021
How to Get Away With Murder: Season 4: The Day Before He Died,6/28/2021
How to Get Away With Murder: Season 4: Lahey v. Commonwealth of Pennsylvania,6/28/2021
How to Get Away With Murder: Season 4: Ask Him About Stella,6/25/2021
How to Get Away With Murder: Season 4: He's a Bad Father,6/25/2021
How to Get Away With Murder: Season 4: Everything We Did Was for Nothing,6/24/2021
How to Get Away With Murder: Season 4: He's Dead,6/24/2021
Sweet Tooth: Season 1: Big Man,6/23/2021
Sweet Tooth: Season 1: When Pubba Met Birdie,6/23/2021
Sweet Tooth: Season 1: Stranger Danger on a Train,6/23/2021
Sweet Tooth: Season 1: What's in the Freezer?,6/23/2021
Sweet Tooth: Season 1: Secret Sauce,6/18/2021
Sweet Tooth: Season 1: Weird Deer S**t,6/17/2021
Sweet Tooth: Season 1: Sorry About All the Dead People,6/15/2021
Sweet Tooth: Season 1: Out of the Deep Woods,6/15/2021
How to Get Away With Murder: Season 4: Live. Live. Live,6/14/2021
Downton Abbey: Series 2: Episode 2,6/13/2021
Downton Abbey: Series 2: Episode 1,6/13/2021
Downton Abbey: Episode 7,6/13/2021
Downton Abbey: Episode 6,6/12/2021
Downton Abbey: Episode 5,6/12/2021
Downton Abbey: Episode 4,6/12/2021
Downton Abbey: Episode 3,6/12/2021
How to Get Away With Murder: Season 4: Nobody Roots for Goliath,6/12/2021
Downton Abbey: Episode 2,6/11/2021
Downton Abbey: Episode 1,6/11/2021
"How to Get Away With Murder: Season 4: Stay Strong, Mama",6/11/2021
How to Get Away With Murder: Season 4: I Love Her,6/9/2021
How to Get Away With Murder: Season 4: Was She Ever Good at Her Job?,6/9/2021
How to Get Away With Murder: Season 4: It's for the Greater Good,6/9/2021
How to Get Away With Murder: Season 4: I'm Not Her,6/8/2021
How to Get Away With Murder: Season 3: It's War,6/8/2021
How to Get Away With Murder: Season 4: I'm Going Away,6/8/2021
How to Get Away With Murder: Season 3: Wes,6/8/2021
How to Get Away With Murder: Season 3: He Made a Terrible Mistake,6/7/2021
How to Get Away With Murder: Season 3: Go Cry Somewhere Else,6/6/2021
How to Get Away With Murder: Season 3: Not Everything's About Annalise,6/6/2021
How to Get Away With Murder: Season 3: We're Bad People,6/6/2021
How to Get Away With Murder: Season 3: Who's Dead?,6/5/2021
Dumplin',6/4/2021
How to Get Away With Murder: Season 3: No More Blood,6/4/2021
Flipped,6/4/2021
How to Get Away With Murder: Season 3: Call It Mother's Intuition,6/3/2021
How to Get Away With Murder: Season 3: Is Someone Really Dead?,6/1/2021
"Anne with an E: Season 1: I Am No Bird, and No Net Ensnares Me",5/29/2021
Anne with an E: Season 1: Your Will Shall Decide Your Destiny,5/29/2021
How to Get Away With Murder: Season 3: It's About Frank,5/28/2021
Fireworks,5/27/2021
Two Weeks Notice,5/27/2021
Notting Hill,5/26/2021
How to Get Away With Murder: Season 3: Don't Tell Annalise,5/25/2021
How to Get Away With Murder: Season 3: Always Bet Black,5/24/2021
How to Get Away With Murder: Season 3: There Are Worse Things Than Murder,5/24/2021
How to Get Away With Murder: Season 3: We're Good People Now,5/23/2021
How to Get Away With Murder: Season 2: Anna Mae,5/22/2021
How to Get Away With Murder: Season 2: There's My Baby,5/22/2021
Chicago Typewriter: Episode 1,5/21/2021
A Love So Beautiful: At the Karaoke,5/21/2021
A Love So Beautiful: Love Letter,5/21/2021
Tune in for Love,5/21/2021
Crash Landing on You: Episode 12,5/18/2021
Arrested Development: Season 1: Beef Consomme,5/17/2021
How to Get Away With Murder: Season 2: Something Bad Happened,5/14/2021
How to Get Away With Murder: Season 2: It's a Trap,5/13/2021
"How to Get Away With Murder: Season 2: Hi, I'm Philip",5/13/2021
How to Get Away With Murder: Season 2: She Hates Us,5/12/2021
"How to Get Away With Murder: Season 2: What Happened to You, Annalise?",5/12/2021
How to Get Away With Murder: Season 2: What Did We Do?,5/12/2021
How to Get Away With Murder: Season 2: I Want You to Die,5/12/2021
"How to Get Away With Murder: Season 2: Two Birds, One Millstone",5/12/2021
How to Get Away With Murder: Season 2: Meet Bonnie,5/12/2021
The Lovely Bones,5/11/2021
Evil Genius: the True Story of America's Most Diabolical Bank Heist: Limited Series: Part 4: The Confessions,5/9/2021
Evil Genius: the True Story of America's Most Diabolical Bank Heist: Limited Series: Part 3: The Suspects,5/8/2021
Evil Genius: the True Story of America's Most Diabolical Bank Heist: Limited Series: Part 2: The Frozen Body,5/7/2021
Evil Genius: the True Story of America's Most Diabolical Bank Heist: Limited Series: Part 1: The Heist,5/5/2021
The Keepers: Season 1: The Conclusion,5/4/2021
The Keepers: Season 1: The Web,5/2/2021
The Keepers: Season 1: The Suspects,5/2/2021
The Keepers: Season 1: The Burial,4/30/2021
The Keepers: Season 1: The Revelation,4/29/2021
How to Get Away With Murder: Season 2: Skanks Get Shanked,4/28/2021
The Keepers: Season 1: The School,4/28/2021
The Keepers: Season 1: The Murder,4/25/2021
The Devil Next Door: Limited Series: The Final Twist,4/25/2021
The Devil Next Door: Limited Series: Facing the Hangman,4/25/2021
The Devil Next Door: Limited Series: The Conspiracy,4/24/2021
The Devil Next Door: Limited Series: Nightmares of Treblinka,4/23/2021
The Devil Next Door: Limited Series: The Devil Lives in Cleveland,4/22/2021
Athlete A,4/20/2021
Lessons from a School Shooting: Notes from Dunblane,4/20/2021
Monty Python and the Holy Grail,4/20/2021
If Anything Happens I Love You,4/18/2021
Cold Case Files Classic: Baby for Sale / The Barrel,4/18/2021
How to Get Away With Murder: Season 2: It's Called the Octopus,4/18/2021
How to Get Away With Murder: Season 2: She's Dying,4/18/2021
How to Get Away With Murder: Season 2: It's Time to Move On,4/18/2021
How to Get Away With Murder: Season 1: It's All My Fault,4/18/2021
How to Get Away With Murder: Season 1: The Night Lila Died,4/17/2021
How to Get Away With Murder: Season 1: Mama's Here Now,4/17/2021
How to Get Away With Murder: Season 1: She's a Murderer,4/17/2021
How to Get Away With Murder: Season 1: Best Christmas Ever,4/17/2021
Patriot Act with Hasan Minhaj: Volume 3: Indian Elections Update and the 1MDB Scandal,4/16/2021
How to Get Away With Murder: Season 1: Hello Raskolnikov,4/16/2021
"How to Get Away With Murder: Season 1: Kill Me, Kill Me, Kill Me",4/16/2021
How to Get Away With Murder: Season 1: He Has a Wife,4/16/2021
How to Get Away With Murder: Season 1: He Deserved to Die,4/16/2021
How to Get Away With Murder: Season 1: Freakin' Whack-a-Mole,4/16/2021
How to Get Away With Murder: Season 1: We're Not Friends,4/15/2021
How to Get Away With Murder: Season 1: Let's Get to Scooping,4/15/2021
"How to Get Away With Murder: Season 1: Smile, or Go to Jail",4/14/2021
How to Get Away With Murder: Season 1: It's All Her Fault,4/13/2021
How to Get Away With Murder: Season 1: Pilot,4/13/2021
Patriot Act with Hasan Minhaj: Volume 3: Why Your Internet Sucks,4/13/2021
Patriot Act with Hasan Minhaj: Volume 3: Cricket Corruption,4/13/2021
The Trials of Gabriel Fernandez: Limited Series: Gabriel's Voice,4/13/2021
The Trials of Gabriel Fernandez: Limited Series: Improper Regard or Indifference,4/13/2021
Arrested Development: Season 1: Marta Complex,4/12/2021
The Trials of Gabriel Fernandez: Limited Series: Death Has Got Him by the Hand,4/12/2021
The Trials of Gabriel Fernandez: Limited Series: Failure at All Levels,4/12/2021
The Trials of Gabriel Fernandez: Limited Series: Evil in This Courtroom,4/11/2021
The Trials of Gabriel Fernandez: Limited Series: A Shock to the System,4/11/2021
Patriot Act with Hasan Minhaj: Volume 3: The NRA's Global Impact,4/11/2021
Arrested Development: Season 1: Public Relations,4/10/2021
Arrested Development: Season 1: Pier Pressure,4/10/2021
Murder Among the Mormons: Limited Series: Episode 3,4/10/2021
Murder Among the Mormons: Limited Series: Episode 2,4/9/2021
Murder Among the Mormons: Limited Series: Episode 1,4/9/2021
American Murder: The Family Next Door,4/8/2021
"Patriot Act with Hasan Minhaj: Volume 3: Brazil, Corruption and the Rainforest",4/7/2021
Scott Pilgrim vs. the World,4/6/2021
Patriot Act with Hasan Minhaj: Volume 2: Indian Elections,4/5/2021
Wild Child,4/4/2021
To All The Boys: Always And Forever,4/4/2021
Patriot Act with Hasan Minhaj: Volume 2: Hip-hop and Streaming,4/4/2021
Patriot Act with Hasan Minhaj: Volume 2: Civil Rights Under Trump,4/4/2021
What a Girl Wants,4/3/2021
"Crazy, Stupid, Love.",4/2/2021
Sherlock: Series 4: The Final Problem,3/31/2021
Sherlock: Series 4: The Lying Detective,3/30/2021
Sherlock: Series 4: The Six Thatchers,3/29/2021
Sherlock: Series 3: Sherlock Uncovered: The Villains,3/28/2021
Sherlock: Series 3: Sherlock Uncovered: The Women,3/28/2021
Sherlock: Series 3: Sherlock Uncovered: The Return,3/28/2021
Sherlock: Series 3: The Abominable Bride,3/27/2021
The Polar Express,3/27/2021
Sherlock: Series 3: His Last Vow,3/26/2021
Sherlock: Series 3: The Sign of Three,3/24/2021
Sherlock: Series 3: The Empty Hearse,3/23/2021
Sherlock: Series 2: The Reichenbach Fall,3/23/2021
Sherlock: Series 2: The Hounds of Baskerville,3/22/2021
Sherlock: Series 2: A Scandal in Belgravia,3/22/2021
Sherlock: The Great Game,3/22/2021
Sherlock: The Blind Banker,3/21/2021
Sherlock: A Study in Pink,3/21/2021
Patriot Act with Hasan Minhaj: Volume 2: Student Loans,3/20/2021
Operation Varsity Blues: The College Admissions Scandal,3/20/2021
Patriot Act with Hasan Minhaj: Volume 2: Drug Pricing,3/19/2021
Patriot Act with Hasan Minhaj: Volume 2: Censorship in China,3/19/2021
Over the Moon,3/18/2021
Patriot Act with Hasan Minhaj: Volume 1: Immigration Enforcement,3/18/2021
Patriot Act with Hasan Minhaj: Volume 1: Supreme,3/18/2021
Patriot Act with Hasan Minhaj: Volume 1: Oil,3/17/2021
Patriot Act with Hasan Minhaj: Volume 1: Amazon,3/16/2021
Patriot Act with Hasan Minhaj: Volume 1: Saudi Arabia,3/15/2021
Patriot Act with Hasan Minhaj: Volume 1: Affirmative Action,3/14/2021
Arrested Development: Season 1: Storming the Castle,3/13/2021
Enola Holmes,3/13/2021
"Arrested Development: Season 1: My Mother, the Car",3/12/2021
Man Like Mobeen: Season 1: Bagpuss,3/12/2021
Arrested Development: Season 1: In God We Trust,3/11/2021
Arrested Development: Season 1: Visiting Ours,3/11/2021
Arrested Development: Season 1: Charity Drive,3/9/2021
Arrested Development: Season 1: Key Decisions,3/9/2021
Arrested Development: Season 1: Bringing Up Buster,3/8/2021
Arrested Development: Season 1: Top Banana,3/8/2021
Arrested Development: Season 1: Pilot,3/8/2021
iCarly: Season 2: iQuit iCarly,3/8/2021
Derry Girls: Season 2: Episode 6,3/8/2021
Derry Girls: Season 2: Episode 5,3/8/2021
Derry Girls: Season 2: Episode 4,3/7/2021
Derry Girls: Season 2: Episode 3,3/7/2021
Derry Girls: Season 2: Episode 2,3/7/2021
Derry Girls: Season 2: Episode 1,3/6/2021
Man Like Mobeen: Season 3: This Is The Ends,3/6/2021
Man Like Mobeen: Season 3: Boys In The Wood,3/6/2021
Man Like Mobeen: Season 3: Permanent Exclusion,3/5/2021
Man Like Mobeen: Season 3: Moving Food,3/5/2021
Hope Frozen: A Quest to Live Twice,3/4/2021
iCarly: Season 2: iBeat the Heat,3/4/2021
iCarly: Season 2: iMove Out,3/4/2021
iCarly: Season 2: iWas a Pageant Girl,3/4/2021
iCarly: Season 2: iFind Lewbert's Lost Love,3/3/2021
iCarly: Season 2: iHave My Principals,3/3/2021
iCarly: Season 2: iTwins,3/2/2021
iCarly: Season 2: iCarly Awards,3/2/2021
iCarly: Season 2: iSpeed Date,3/2/2021
iCarly: Season 2: iCook,3/1/2021
iCarly: Season 2: iThink They Kissed,3/1/2021
iCarly: Season 2: iDate a Bad Boy,3/1/2021
iCarly: Season 2: iFight Shelby Marx,3/1/2021
iCarly: Season 2: iTake on Dingo,2/28/2021
iCarly: Season 2: iMust Have Locker 239,2/28/2021
iCarly: Season 2: iReunite with Missy,2/27/2021
iCarly: Season 2: iGo to Japan,2/27/2021
iCarly: Season 2: iRocked the Vote,2/27/2021
iCarly: Season 2: i Go Nuclear,2/26/2021
iCarly: Season 2: iMake Sam Girlier,2/26/2021
iCarly: Season 2: iWant My Website Back,2/26/2021
iCarly: Season 2: iLook Alike,2/26/2021
iCarly: Season 2: iMeet Fred,2/26/2021
iCarly: Season 2: iGive Away a Car,2/25/2021
iCarly: Season 2: iKiss,2/25/2021
iCarly: Season 2: iChristmas,2/25/2021
iCarly: Season 2: iPie,2/22/2021
iCarly: Season 2: iHurt Lewbert,2/22/2021
iCarly: Season 2: iOwe You,2/20/2021
iCarly: Season 2: iStage an Intervention,2/19/2021
iCarly: Season 2: iSaw Him First,2/19/2021
iCarly: Season 1: iHave a Love Sick Teacher,2/19/2021
iCarly: Season 1: iWin a Date,2/19/2021
iCarly: Season 1: iFence,2/19/2021
iCarly: Season 1: iMight Switch Schools,2/18/2021
iCarly: Season 1: iStakeout,2/18/2021
iCarly: Season 1: iHate Sam's Boyfriend,2/18/2021
iCarly: Season 1: iCarly Saves TV,2/18/2021
iCarly: Season 1: iPromise Not to Tell,2/17/2021
iCarly: Season 1: iPromote Tech-Foots,2/17/2021
iCarly: Season 1: iGot Detention,2/16/2021
iCarly: Season 1: iRue the Day,2/16/2021
iCarly: Season 1: iScream on Halloween,2/16/2021
iCarly: Season 1: iDream of Dance,2/16/2021
iCarly: Season 1: iDont Want to Fight,2/16/2021
iCarly: Season 1: iHatch Chicks,2/16/2021
iCarly: Season 1: iAm Your Biggest Fan,2/16/2021
iCarly: Season 1: iHeart Art,2/15/2021
iCarly: Season 1: iWill Date Freddie,2/15/2021
iCarly: Season 1: iWant a World Record,2/15/2021
iCarly: Season 1: iSpy a Mean Teacher,2/15/2021
iCarly: Season 1: iWanna Stay With Spencer,2/15/2021
iCarly: Season 1: iNevel,2/15/2021
iCarly: Season 1: iWant More Viewers,2/14/2021
iCarly: Season 1: iLike Jake,2/14/2021
iCarly: Season 1: iPilot,2/13/2021
Crime Scene: The Vanishing at the Cecil Hotel: Limited Series: The Hard Truth,2/13/2021
Crime Scene: The Vanishing at the Cecil Hotel: Limited Series: Down the Rabbit Hole,2/13/2021
Crime Scene: The Vanishing at the Cecil Hotel: Limited Series: Lost in Los Angeles,2/13/2021
Crime Scene: The Vanishing at the Cecil Hotel: Limited Series: Secrets of the Cecil,2/13/2021
Jane The Virgin: Season 5: Chapter One Hundred,2/13/2021
Jane The Virgin: Season 5: Chapter Ninety-Nine,2/12/2021
Jane The Virgin: Season 5: Chapter Ninety-Eight,2/12/2021
Jane The Virgin: Season 5: Chapter Ninety-Seven,2/12/2021
Jane The Virgin: Season 5: Chapter Ninety-Six,2/12/2021
Jane The Virgin: Season 5: Chapter Ninety-Five,2/12/2021
Jane The Virgin: Season 5: Chapter Ninety-Four,2/12/2021
Jane The Virgin: Season 5: Chapter Ninety-Three,2/11/2021
Jane The Virgin: Season 5: Chapter Ninety-Two,2/10/2021
Jane The Virgin: Season 5: Chapter Ninety-One,2/9/2021
Jane The Virgin: Season 5: Chapter Ninety,2/9/2021
Jane The Virgin: Season 5: Chapter Eighty-Nine,2/8/2021
Jane The Virgin: Season 5: Chapter Eighty-Eight,2/8/2021
Jane The Virgin: Season 5: Chapter Eighty-Seven,2/8/2021
Jane The Virgin: Season 5: Chapter Eighty-Six,2/8/2021
Jane The Virgin: Season 5: Chapter Eighty-Five,2/7/2021
Jane The Virgin: Season 5: Chapter Eighty-Four,2/7/2021
Jane The Virgin: Season 5: Chapter Eighty-Three,2/7/2021
Jane The Virgin: Season 5: Chapter Eighty-Two,2/7/2021
Jane The Virgin: Season 4: Chapter Eighty-One,2/6/2021
Jane The Virgin: Season 4: Chapter Eighty,2/6/2021
Jane The Virgin: Season 4: Chapter Seventy-Nine,2/6/2021
Miraculous: Tales of Ladybug & Cat Noir: Season 1: Mr. Pigeon,2/6/2021
Miraculous: Tales of Ladybug & Cat Noir: Season 1: The Bubbler,2/6/2021
Jane The Virgin: Season 4: Chapter Seventy-Eight,2/5/2021
Jane The Virgin: Season 4: Chapter Seventy-Seven,2/5/2021
Jane The Virgin: Season 4: Chapter Seventy-Six,2/5/2021
Jane The Virgin: Season 4: Chapter Seventy-Five,2/5/2021
Jane The Virgin: Season 4: Chapter Seventy-Four,2/3/2021
Jane The Virgin: Season 4: Chapter Seventy-Three,2/3/2021
Jane The Virgin: Season 4: Chapter Seventy-Two,2/2/2021
Jane The Virgin: Season 4: Chapter Seventy-One,2/2/2021
Jane The Virgin: Season 4: Chapter Seventy,2/1/2021
Jane The Virgin: Season 4: Chapter Sixty-Nine,2/1/2021
Jane The Virgin: Season 4: Chapter Sixty-Eight,2/1/2021
Jane The Virgin: Season 4: Chapter Sixty-Seven,2/1/2021
Jane The Virgin: Season 4: Chapter Sixty-Six,2/1/2021
Jane The Virgin: Season 4: Chapter Sixty-Five,2/1/2021
Jane The Virgin: Season 3: Chapter Sixty-Four,1/31/2021
Jane The Virgin: Season 3: Chapter Sixty-Three,1/31/2021
Jane The Virgin: Season 3: Chapter Sixty-Two,1/31/2021
Jane The Virgin: Season 3: Chapter Sixty-One,1/31/2021
Jane The Virgin: Season 3: Chapter Sixty,1/31/2021
Jane The Virgin: Season 3: Chapter Fifty-Nine,1/30/2021
Jane The Virgin: Season 3: Chapter Fifty-Eight,1/30/2021
Jane The Virgin: Season 3: Chapter Fifty-Seven,1/30/2021
Jane The Virgin: Season 3: Chapter Fifty-Six,1/30/2021
Jane The Virgin: Season 3: Chapter Fifty-Five,1/30/2021
Jane The Virgin: Season 3: Chapter Fifty-Four,1/29/2021
Jane The Virgin: Season 3: Chapter Fifty-Three,1/29/2021
Jane The Virgin: Season 3: Chapter Fifty-Two,1/29/2021
Jane The Virgin: Season 3: Chapter Fifty-One,1/29/2021
Jane The Virgin: Season 3: Chapter Fifty,1/29/2021
Jane The Virgin: Season 3: Chapter Forty-Nine,1/29/2021
Jane The Virgin: Season 3: Chapter Forty-Eight,1/29/2021
Jane The Virgin: Season 3: Chapter Forty-Seven,1/29/2021
Jane The Virgin: Season 3: Chapter Forty-Six,1/29/2021
Jane The Virgin: Season 3: Chapter Forty-Five,1/28/2021
Jane The Virgin: Season 2: Chapter Forty-Four,1/28/2021
Jane The Virgin: Season 2: Chapter Forty-Three,1/28/2021
Jane The Virgin: Season 2: Chapter Forty-Two,1/27/2021
Jane The Virgin: Season 2: Chapter Forty-One,1/27/2021
Jane The Virgin: Season 2: Chapter Forty,1/27/2021
Jane The Virgin: Season 2: Chapter Thirty-Nine,1/27/2021
Jane The Virgin: Season 2: Chapter Thirty-Eight,1/27/2021
Jane The Virgin: Season 2: Chapter Thirty-Seven,1/27/2021
Jane The Virgin: Season 2: Chapter Thirty-Six,1/27/2021
Jane The Virgin: Season 2: Chapter Thirty-Five,1/27/2021
Jane The Virgin: Season 2: Chapter Thirty-Four,1/26/2021
Jane The Virgin: Season 2: Chapter Thirty-Three,1/25/2021
Jane The Virgin: Season 2: Chapter Thirty-Two,1/25/2021
Jane The Virgin: Season 2: Chapter Thirty-One,1/25/2021
Jane The Virgin: Season 2: Chapter Thirty,1/24/2021
Jane The Virgin: Season 2: Chapter Twenty-Nine,1/24/2021
Jane The Virgin: Season 2: Chapter Twenty-Eight,1/24/2021
Jane The Virgin: Season 2: Chapter Twenty-Seven,1/24/2021
Jane The Virgin: Season 2: Chapter Twenty-Six,1/24/2021
Jane The Virgin: Season 2: Chapter Twenty-Five,1/24/2021
Jane The Virgin: Season 2: Chapter Twenty-Four,1/24/2021
Jane The Virgin: Season 2: Chapter Twenty-Three,1/24/2021
Jane The Virgin: Season 1: Chapter Twenty-Two,1/24/2021
Jane The Virgin: Season 1: Chapter Twenty-One,1/24/2021
Jane The Virgin: Season 1: Chapter Twenty,1/24/2021
Jane The Virgin: Season 1: Chapter Nineteen,1/23/2021
Jane The Virgin: Season 1: Chapter Eighteen,1/23/2021
Jane The Virgin: Season 1: Chapter Seventeen,1/23/2021
Jane The Virgin: Season 1: Chapter Sixteen,1/22/2021
Jane The Virgin: Season 1: Chapter Fifteen,1/22/2021
Jane The Virgin: Season 1: Chapter Fourteen,1/22/2021
Jane The Virgin: Season 1: Chapter Thirteen,1/21/2021
Jane The Virgin: Season 1: Chapter Twelve,1/21/2021
Jane The Virgin: Season 1: Chapter Eleven,1/21/2021
Jane The Virgin: Season 1: Chapter Ten,1/21/2021
Jane The Virgin: Season 1: Chapter Nine,1/21/2021
Jane The Virgin: Season 1: Chapter Eight,1/21/2021
Jane The Virgin: Season 1: Chapter Seven,1/21/2021
Jane The Virgin: Season 1: Chapter Six,1/21/2021
Jane The Virgin: Season 1: Chapter Five,1/21/2021
Jane The Virgin: Season 1: Chapter Four,1/20/2021
Jane The Virgin: Season 1: Chapter Three,1/20/2021
Jane The Virgin: Season 1: Chapter Two,1/20/2021
Jane The Virgin: Season 1: Chapter One: Pilot,1/20/2021
New Girl: Season 6: San Diego,1/18/2021
New Girl: Season 6: Misery,1/18/2021
New Girl: Season 6: Socalyalcon VI,1/18/2021
New Girl: Season 6: Young Adult,1/18/2021
New Girl: Season 6: Rumspringa,1/18/2021
New Girl: Season 6: Operation: Bobcat,1/18/2021
New Girl: Season 6: Glue,1/17/2021
New Girl: Season 6: The Hike,1/17/2021
New Girl: Season 6: Cece's Boys,1/17/2021
New Girl: Season 6: The Cubicle,1/17/2021
New Girl: Season 6: Raisin's Back,1/17/2021
New Girl: Season 6: Christmas Eve Eve,1/17/2021
New Girl: Season 6: Es Good,1/17/2021
New Girl: Season 6: James Wonder,1/17/2021
New Girl: Season 6: Last Thanksgiving,1/17/2021
New Girl: Season 6: Ready,1/17/2021
New Girl: Season 6: Jaipur Aviv,1/16/2021
New Girl: Season 6: Homecoming,1/16/2021
New Girl: Season 6: Single and Sufficient,1/16/2021
New Girl: Season 6: Hubbedy Bubby,1/16/2021
New Girl: Season 6: House Hunt,1/16/2021
New Girl: Season 5: Landing Gear,1/16/2021
New Girl: Season 5: Wedding Eve,1/16/2021
New Girl: Season 5: Return to Sender,1/16/2021
New Girl: Season 5: Dress,1/16/2021
New Girl: Season 5: A Chill Day In,1/16/2021
Patriot Act with Hasan Minhaj: Volume 1: Content Moderation and Free Speech,1/16/2021
New Girl: Season 5: Road Trip,1/15/2021
New Girl: Season 5: Helmet,1/15/2021
New Girl: Season 5: Jeff Day,1/15/2021
New Girl: Season 5: 300 Feet,1/15/2021
"New Girl: Season 5: Sam, Again",1/15/2021
New Girl: Season 5: D-Day,1/15/2021
New Girl: Season 5: The Apartment,1/15/2021
New Girl: Season 5: Goosebumps Walkaway,1/15/2021
New Girl: Season 5: Heat Wave,1/15/2021
New Girl: Season 5: The Decision,1/15/2021
New Girl: Season 5: Wig,1/14/2021
New Girl: Season 5: Reagan,1/13/2021
New Girl: Season 5: Bob & Carol & Nick & Schmidt,1/13/2021
New Girl: Season 5: No Girl,1/13/2021
New Girl: Season 5: Jury Duty,1/13/2021
New Girl: Season 5: What About Fred,1/13/2021
New Girl: Season 5: Big Mama P,1/13/2021
New Girl: Season 4: Clean Break,1/13/2021
New Girl: Season 4: Panty Gate,1/13/2021
New Girl: Season 4: Par 5,1/13/2021
New Girl: Season 4: The Right Thing,1/13/2021
New Girl: Season 4: Walk of Shame,1/12/2021
New Girl: Season 4: Spiderhunt,1/12/2021
New Girl: Season 4: Oregon,1/12/2021
New Girl: Season 4: The Crawl,1/12/2021
New Girl: Season 4: Swuit,1/12/2021
New Girl: Season 4: Coming Out,1/12/2021
New Girl: Season 4: Shark,1/12/2021
New Girl: Season 4: LAXmas,1/11/2021
New Girl: Season 4: Girl Fight,1/11/2021
New Girl: Season 4: Thanksgiving IV,1/11/2021
New Girl: Season 4: Teachers,1/11/2021
New Girl: Season 4: Goldmine,1/11/2021
New Girl: Season 4: The Last Wedding,1/10/2021
New Girl: Season 3: Cruise,1/10/2021
New Girl: Season 3: Dance,1/10/2021
New Girl: Season 3: Big News,1/10/2021
New Girl: Season 3: Mars Landing,1/10/2021
Seoul Searching,1/9/2021
New Girl: Season 3: Keaton,1/7/2021
New Girl: Season 3: The Box,1/6/2021
New Girl: Season 3: The Captain,1/6/2021
New Girl: Season 3: Double Date,1/6/2021
New Girl: Season 3: Nerd,1/6/2021
New Girl: Season 3: All In,1/6/2021
New Girl: Season 2: Elaine's Big Day,1/6/2021
New Girl: Season 2: Winston's Birthday,1/6/2021
New Girl: Season 2: Virgins,1/6/2021
New Girl: Season 2: Bachelorette Party,1/6/2021
New Girl: Season 2: First Date,1/6/2021
New Girl: Season 2: Chicago,1/5/2021
New Girl: Season 2: Quick Hardening Caulk,1/5/2021
New Girl: Season 2: Tinfinity,1/5/2021
New Girl: Season 2: Parking Spot,1/5/2021
New Girl: Season 2: Table 34,1/5/2021
New Girl: Season 2: Cooler,1/5/2021
New Girl: Season 2: Pepperwood,1/5/2021
New Girl: Season 2: A Father's Love,1/5/2021
New Girl: Season 2: Cabin,1/5/2021
New Girl: Season 2: Santa,1/5/2021
New Girl: Season 2: Bathtub,1/5/2021
New Girl: Season 2: Eggs,1/5/2021
New Girl: Season 2: Parents,1/4/2021
New Girl: Season 2: Menzies,1/4/2021
New Girl: Season 2: Halloween,1/4/2021
New Girl: Season 2: Models,1/4/2021
New Girl: Season 2: Neighbors,1/4/2021
New Girl: Season 2: Fluffer,1/4/2021
New Girl: Season 2: Katie,1/4/2021
New Girl: Season 2: Re-Launch,1/4/2021
New Girl: Season 1: See Ya,1/4/2021
New Girl: Season 1: Backslide,1/4/2021
New Girl: Season 1: Tomatoes,1/4/2021
New Girl: Season 1: Kids,1/4/2021
New Girl: Season 1: Normal,1/4/2021
New Girl: Season 1: Secrets,1/4/2021
"New Girl: Season 1: Fancyman, Part 2",1/4/2021
"New Girl: Season 1: Fancyman, Part 1",1/4/2021
New Girl: Season 1: Control,1/4/2021
New Girl: Season 1: Injured,1/4/2021
New Girl: Season 1: Bully,1/3/2021
New Girl: Season 1: Valentine's Day,1/3/2021
New Girl: Season 1: The Landlord,1/3/2021
New Girl: Season 1: Jess and Julia,1/3/2021
New Girl: Season 1: The Story of the 50,1/3/2021
New Girl: Season 1: The 23rd,1/3/2021
New Girl: Season 1: Bad in Bed,1/3/2021
New Girl: Season 1: Bells,1/3/2021
New Girl: Season 1: Thanksgiving,1/3/2021
New Girl: Season 1: Cece Crashes,1/3/2021
New Girl: Season 1: Naked,1/3/2021
New Girl: Season 1: Wedding,1/3/2021
Emily in Paris: Season 1: Cancel Couture,1/3/2021
Emily in Paris: Season 1: An American Auction in Paris,1/3/2021
Emily in Paris: Season 1: Family Affair,1/3/2021
Emily in Paris: Season 1: French Ending,1/3/2021
Emily in Paris: Season 1: Ringarde,1/3/2021
Emily in Paris: Season 1: Faux Amis,1/3/2021
Emily in Paris: Season 1: A Kiss Is Just a Kiss,1/3/2021
Emily in Paris: Season 1: Sexy or Sexist,1/3/2021
Emily in Paris: Season 1: Masculin Féminin,1/3/2021
Bridgerton: Season 1: After the Rain,1/1/2021
Bridgerton: Season 1: Oceans Apart,1/1/2021
Emily in Paris: Season 1: Emily in Paris,1/1/2021
Bridgerton: Season 1: Swish,12/31/2020
Bridgerton: Season 1: An Affair of Honor,12/31/2020
Bridgerton: Season 1: Art of the Swoon,12/31/2020
Bridgerton: Season 1: Shock and Delight,12/31/2020
Bridgerton: Season 1: Diamond of the First Water,12/31/2020
Grey's Anatomy: Season 11: How to Save a Life,12/31/2020
The Good Place: Season 4: Whenever You're Ready,12/31/2020
The Good Place: Season 4: Patty,12/31/2020
"The Good Place: Season 4: Mondays, Am I Right?",12/30/2020
"The Good Place: Season 4: You've Changed, Man",12/30/2020
The Good Place: Season 4: The Answer,12/30/2020
The Good Place: Season 4: The Funerals To End All Funerals,12/30/2020
The Good Place: Season 4: Help is Other People,12/30/2020
The Good Place: Season 4: A Chip Driver Mystery,12/30/2020
The Good Place: Season 4: Employee of the Bearimy,12/29/2020
"The Good Place: Season 4: Tinker, Tailor, Demon, Spy",12/29/2020
The Good Place: Season 4: Chillaxing,12/29/2020
The Good Place: Season 4: A Girl From Arizona - Part 2,12/29/2020
The Good Place: Season 4: A Girl From Arizona - Part 1,12/28/2020
The Good Place: Season 3: Pandemonium,12/28/2020
The Good Place: Season 3: Chidi Sees the Time-Knife,12/28/2020
The Good Place: Season 3: The Book of Dougs,12/28/2020
The Good Place: Season 3: Janet(s),12/28/2020
The Good Place: Season 3: Don't Let the Good Life Pass You By,12/28/2020
The Good Place: Season 3: The Worst Possible Use of Free Will,12/28/2020
The Good Place: Season 3: A Fractured Inheritance,12/28/2020
The Good Place: Season 3: The Ballad of Donkey Doug,12/27/2020
The Good Place: Season 3: Jeremy Bearimy,12/27/2020
The Good Place: Season 3: The Snowplow,12/26/2020
The Good Place: Season 3: The Brainy Bunch,12/26/2020
The Good Place: Season 3: Everything is Bonzer,12/26/2020
The Good Place: Season 2: Somewhere Else,12/26/2020
The Good Place: Season 2: The Burrito,12/26/2020
"The Good Place: Season 2: Rhonda, Diana, Jake, and Trent",12/26/2020
The Good Place: Season 2: Best Self,12/26/2020
The Good Place: Season 2: Leap to Faith,12/26/2020
The Good Place: Season 2: Derek,12/26/2020
The Good Place: Season 2: Janet and Michael,12/26/2020
The Good Place: Season 2: The Trolley Problem,12/26/2020
The Good Place: Season 2: Existential Crisis,12/26/2020
The Good Place: Season 2: Team Cockroach,12/26/2020
The Good Place: Season 2: Dance Dance Resolution,12/26/2020
Start-Up: START-UP,12/24/2020
Grey's Anatomy: Season 11: One Flight Down,12/24/2020
Grey's Anatomy: Season 11: Crazy Love,12/23/2020
Grey's Anatomy: Season 11: When I Grow Up,12/23/2020
Grey's Anatomy: Season 11: With or Without You,12/23/2020
Grey's Anatomy: Season 11: Don't Dream It's Over,12/22/2020
Grey's Anatomy: Season 11: I Feel the Earth Move,12/22/2020
Grey's Anatomy: Season 11: The Distance,12/22/2020
Grey's Anatomy: Season 11: Staring at the End,12/21/2020
Grey's Anatomy: Season 11: The Great Pretender,12/21/2020
Grey's Anatomy: Season 11: All I Could Do Was Cry,12/21/2020
Grey's Anatomy: Season 11: The Bed's Too Big Without You,12/21/2020
Grey's Anatomy: Season 6: Blink,12/21/2020
Grey's Anatomy: Season 11: Where Do We Go From Here,12/21/2020
Grey's Anatomy: Season 11: Risk,12/21/2020
"Grey's Anatomy: Season 11: Can We Start Again, Please?",12/21/2020
Grey's Anatomy: Season 11: Don't Let's Start,12/21/2020
Grey's Anatomy: Season 11: Bend and Break,12/20/2020
Grey's Anatomy: Season 11: Only Mama Knows,12/20/2020
Grey's Anatomy: Season 11: Got to Be Real,12/20/2020
Grey's Anatomy: Season 11: Puzzle with a Piece Missing,12/20/2020
Grey's Anatomy: Season 11: I Must Have Lost It on the Wind,12/20/2020
Grey's Anatomy: Season 10: Fear (of the Unknown),12/18/2020
"Grey's Anatomy: Season 10: Everything I Try to Do, Nothing Seems to Turn Out Right",12/18/2020
Grey's Anatomy: Season 10: We Are Never Ever Getting Back Together,12/18/2020
Grey's Anatomy: Season 10: Change of Heart,12/18/2020
Grey's Anatomy: Season 10: Go It Alone,12/18/2020
Grey's Anatomy: Season 10: I'm Winning,12/18/2020
Grey's Anatomy: Season 10: You Be Illin',12/18/2020
Grey's Anatomy: Season 10: Do You Know?,12/18/2020
Grey's Anatomy: Season 10: We Gotta Get Out of This Place,12/18/2020
Grey's Anatomy: Season 10: Throwing It All Away,12/17/2020
Grey's Anatomy: Season 10: You've Got to Hide Your Love Away,12/17/2020
Grey's Anatomy: Season 10: Take It Back,12/16/2020
"Grey's Anatomy: Season 10: Get Up, Stand Up",12/16/2020
Grey's Anatomy: Season 10: Man on the Moon,12/16/2020
Grey's Anatomy: Season 10: Somebody That I Used to Know,12/16/2020
Grey's Anatomy: Season 10: Sorry Seems to Be the Hardest Word,12/16/2020
Grey's Anatomy: Season 10: Two Against One,12/15/2020
Grey's Anatomy: Season 10: Thriller,12/15/2020
Grey's Anatomy: Season 10: Map of You,12/15/2020
Grey's Anatomy: Season 10: I Bet It Stung,12/15/2020
Grey's Anatomy: Season 10: Puttin' on the Ritz,12/14/2020
Grey's Anatomy: Season 10: Everybody's Crying Mercy,12/14/2020
Grey's Anatomy: Season 10: I Want You With Me,12/14/2020
Grey's Anatomy: Season 10: Seal Our Fate,12/14/2020
Grey's Anatomy: Season 9: Perfect Storm,12/14/2020
Grey's Anatomy: Season 9: Readiness Is All,12/13/2020
Grey's Anatomy: Season 9: Do You Believe in Magic,12/13/2020
Grey's Anatomy: Season 9: Sleeping Monster,12/13/2020
Grey's Anatomy: Season 9: She's Killing Me,12/13/2020
Grey's Anatomy: Season 9: Can't Fight This Feeling,12/13/2020
Grey's Anatomy: Season 9: Idle Hands,12/13/2020
Grey's Anatomy: Season 9: Transplant Wasteland,12/13/2020
Grey's Anatomy: Season 9: This Is Why We Fight,12/12/2020
Grey's Anatomy: Season 9: Hard Bargain,12/12/2020
Grey's Anatomy: Season 9: The Face of Change,12/11/2020
Grey's Anatomy: Season 9: Bad Blood,12/11/2020
Grey's Anatomy: Season 9: Walking on a Dream,12/10/2020
Grey's Anatomy: Season 9: The End Is the Beginning Is the End,12/10/2020
Grey's Anatomy: Season 9: Things We Said Today,12/10/2020
"Grey's Anatomy: Season 9: Run, Baby, Run",12/10/2020
Grey's Anatomy: Season 9: Love Turns You Upside Down,12/10/2020
Grey's Anatomy: Season 9: I Was Made for Lovin' You,12/10/2020
Grey's Anatomy: Season 9: Second Opinion,12/10/2020
Crash Landing on You: Episode 13,12/9/2020
Grey's Anatomy: Season 9: Beautiful Doom,12/9/2020
Grey's Anatomy: Season 9: I Saw Her Standing There,12/9/2020
Grey's Anatomy: Season 9: Love the One You're With,12/9/2020
Grey's Anatomy: Season 9: Remember the Time,12/9/2020
Grey's Anatomy: Season 8: Flight,12/9/2020
The Queen's Gambit: Limited Series: End Game,12/8/2020
The Queen's Gambit: Limited Series: Adjournment,12/7/2020
The Queen's Gambit: Limited Series: Fork,12/7/2020
The Queen's Gambit: Limited Series: Middle Game,12/6/2020
The Queen's Gambit: Limited Series: Doubled Pawns,12/6/2020
The Queen's Gambit: Limited Series: Exchanges,12/6/2020
The Queen's Gambit: Limited Series: Openings,12/6/2020
Grey's Anatomy: Season 8: Migration,12/5/2020
Grey's Anatomy: Season 8: Let the Bad Times Roll,12/4/2020
Grey's Anatomy: Season 8: Moment Of Truth,12/4/2020
Grey's Anatomy: Season 8: The Girl with No Name,12/3/2020
Grey's Anatomy: Season 8: Support System,12/3/2020
Grey's Anatomy: Season 8: The Lion Sleeps Tonight,12/3/2020
Grey's Anatomy: Season 8: One Step Too Far,12/2/2020
Grey's Anatomy: Season 8: If Only You Were Lonely,12/2/2020
Grey's Anatomy: Season 8: Have You Seen Me Lately,12/2/2020
Grey's Anatomy: Season 8: All You Need Is Love,12/2/2020
Grey's Anatomy: Season 8: If/Then,12/2/2020
Grey's Anatomy: Season 8: Hope for the Hopeless,12/2/2020
Grey's Anatomy: Season 8: This Magic Moment,12/2/2020
Grey's Anatomy: Season 8: Suddenly,12/2/2020
Grey's Anatomy: Season 8: Dark Was the Night,12/2/2020
Grey's Anatomy: Season 8: Heart-Shaped Box,12/1/2020
"Grey's Anatomy: Season 8: Put Me in, Coach",11/30/2020
Grey's Anatomy: Season 8: Poker Face,11/30/2020
"Grey's Anatomy: Season 8: Love, Loss and Legacy",11/30/2020
Grey's Anatomy: Season 8: What Is It About Men,11/29/2020
Grey's Anatomy: Season 8: Take the Lead,11/29/2020
Grey's Anatomy: Season 8: She's Gone,11/29/2020
Grey's Anatomy: Season 8: Free Falling,11/29/2020
Grey's Anatomy: Season 7: Unaccompanied Minor,11/29/2020
Grey's Anatomy: Season 7: I Will Survive,11/29/2020
Grey's Anatomy: Season 7: White Wedding,11/29/2020
Grey's Anatomy: Season 7: It's a Long Way Back,11/29/2020
Grey's Anatomy: Season 7: Song Beneath the Song,11/28/2020
Grey's Anatomy: Season 7: This Is How We Do It,11/28/2020
Grey's Anatomy: Season 7: Not Responsible,11/28/2020
Grey's Anatomy: Season 7: Golden Hour,11/27/2020
Grey's Anatomy: Season 7: P.Y.T. (Pretty Young Thing),11/27/2020
Grey's Anatomy: Season 7: Don't Deceive Me (Please Don't Go),11/27/2020
Grey's Anatomy: Season 7: Start Me Up,11/27/2020
Grey's Anatomy: Season 7: Disarm,11/26/2020
Grey's Anatomy: Season 7: Adrift and at Peace,11/26/2020
"Grey's Anatomy: Season 7: Slow Night, So Long",11/26/2020
Grey's Anatomy: Season 7: Something's Gotta Give,11/26/2020
Grey's Anatomy: Season 7: That's Me Trying,11/26/2020
Grey's Anatomy: Season 7: These Arms of Mine,11/26/2020
Grey's Anatomy: Season 7: Almost Grown,11/25/2020
Grey's Anatomy: Season 7: Can't Fight Biology,11/25/2020
Grey's Anatomy: Season 7: Superfreak,11/24/2020
Grey's Anatomy: Season 7: Shock to the System,11/24/2020
Grey's Anatomy: Season 7: With You I'm Born Again,11/24/2020
Grey's Anatomy: Season 6: Death and All His Friends,11/24/2020
Grey's Anatomy: Season 6: Sanctuary,11/24/2020
Grey's Anatomy: Season 6: Shiny Happy People,11/23/2020
Grey's Anatomy: Season 6: How Insensitive,11/23/2020
"Grey's Anatomy: Season 6: Hook, Line And Sinner",11/23/2020
Grey's Anatomy: Season 6: Sympathy for the Parents,11/23/2020
Grey's Anatomy: Season 6: Suicide is Painless,11/23/2020
Grey's Anatomy: Season 6: Push,11/23/2020
Grey's Anatomy: Season 6: Perfect Little Accident,11/23/2020
Grey's Anatomy: Season 6: The Time Warp,11/22/2020
Grey's Anatomy: Season 6: Valentine's Day Massacre,11/22/2020
Grey's Anatomy: Season 6: State of Love And Trust,11/22/2020
Grey's Anatomy: Season 6: I Like You So Much Better When You're Naked,11/22/2020
Grey's Anatomy: Season 6: Holidaze,11/22/2020
Grey's Anatomy: Season 6: New History,11/22/2020
Grey's Anatomy: Season 6: Invest in Love,11/22/2020
Grey's Anatomy: Season 6: Give Peace A Chance,11/22/2020
Grey's Anatomy: Season 6: I Saw What I Saw,11/22/2020
Grey's Anatomy: Season 6: Invasion,11/22/2020
Grey's Anatomy: Season 6: Tainted Obligation,11/22/2020
Grey's Anatomy: Season 6: I Always Feel Like Somebody's Watchin' Me,11/22/2020
Grey's Anatomy: Season 6: Goodbye,11/21/2020
Grey's Anatomy: Season 6: Good Mourning,11/21/2020
Grey's Anatomy: Season 5: Now or Never,11/21/2020
Grey's Anatomy: Season 5: Here's to Future Days,11/21/2020
Grey's Anatomy: Season 5: What a Difference a Day Makes,11/21/2020
Grey's Anatomy: Season 5: No Good at Saying Sorry (One More Chance),11/21/2020
Grey's Anatomy: Season 5: Sweet Surrender,11/20/2020
Grey's Anatomy: Season 5: Elevator Love Letter,11/20/2020
Grey's Anatomy: Season 5: Stand By Me,11/20/2020
Grey's Anatomy: Season 5: I Will Follow You Into the Dark,11/20/2020
Grey's Anatomy: Season 5: An Honest Mistake,11/20/2020
Grey's Anatomy: Season 5: Before And After,11/20/2020
Grey's Anatomy: Season 5: Beat Your Heart Out,11/20/2020
Grey's Anatomy: Season 5: Stairway To Heaven,11/20/2020
Grey's Anatomy: Season 5: Sympathy for the Devil,11/20/2020
Grey's Anatomy: Season 5: Wish You Were Here,11/20/2020
Grey's Anatomy: Season 5: All By Myself,11/20/2020
Grey's Anatomy: Season 5: In The Midnight Hour,11/19/2020
Grey's Anatomy: Season 5: These Ties That Bind,11/18/2020
Grey's Anatomy: Season 5: Rise Up,11/18/2020
Grey's Anatomy: Season 5: Life During Wartime,11/18/2020
Grey's Anatomy: Season 5: There's No 'I' In Team,11/17/2020
Grey's Anatomy: Season 5: Brave New World,11/17/2020
Grey's Anatomy: Season 5: Here Comes The Flood,11/16/2020
Grey's Anatomy: Season 5: Dream A Little Dream Of Me: Part 2,11/16/2020
Grey's Anatomy: Season 5: Dream A Little Dream Of Me: Part 1,11/16/2020
Grey's Anatomy: Season 4: Freedom: Part 2,11/16/2020
Grey's Anatomy: Season 4: Freedom: Part 1,11/15/2020
Grey's Anatomy: Season 4: Losing My Mind,11/15/2020
Grey's Anatomy: Season 4: The Becoming,11/15/2020
Grey's Anatomy: Season 4: Piece of My Heart,11/15/2020
Grey's Anatomy: Season 4: Where the Wild Things Are,11/14/2020
Grey's Anatomy: Season 4: Lay Your Hands on Me,11/14/2020
Grey's Anatomy: Season 4: Crash into Me: Part 2,11/13/2020
Grey's Anatomy: Season 4: Crash into Me: Part 1,11/13/2020
Grey's Anatomy: Season 4: Forever Young,11/13/2020
Grey's Anatomy: Season 4: Physical Attraction...Chemical Reaction,11/13/2020
Grey's Anatomy: Season 4: Kung Fu Fighting,11/12/2020
Grey's Anatomy: Season 4: Haunt You Every Day,11/12/2020
Grey's Anatomy: Season 4: The Heart of the Matter,11/12/2020
Grey's Anatomy: Season 4: Let the Truth Sting,11/11/2020
Grey's Anatomy: Season 4: Love/Addiction,11/11/2020
Grey's Anatomy: Season 4: A Change Is Gonna Come,11/11/2020
Grey's Anatomy: Season 3: Didn't We Almost Have it All?,11/10/2020
Grey's Anatomy: Season 3: Testing 1-2-3,11/10/2020
Grey's Anatomy: Season 3: The Other Side of This Life: Part 2,11/9/2020
Grey's Anatomy: Season 3: The Other Side of This Life: Part 1,11/9/2020
The Princess and the Frog,11/9/2020
Grey's Anatomy: Season 3: Desire,11/7/2020
Grey's Anatomy: Season 3: Time After Time,11/7/2020
Grey's Anatomy: Season 3: My Favorite Mistake,11/6/2020
Grey's Anatomy: Season 3: Scars and Souvenirs,11/6/2020
Grey's Anatomy: Season 3: Some Kind of Miracle,11/6/2020
Grey's Anatomy: Season 3: Drowning on Dry Land,11/6/2020
Grey's Anatomy: Season 3: Walk on Water,11/5/2020
Grey's Anatomy: Season 3: Wishin' and Hopin',11/4/2020
Grey's Anatomy: Season 3: Great Expectations,11/4/2020
Grey's Anatomy: Season 3: Six Days: Part 2,11/4/2020
Grey's Anatomy: Season 3: Six Days: Part 1,11/3/2020
Grey's Anatomy: Season 3: Don't Stand So Close to Me,11/3/2020
Grey's Anatomy: Season 3: From a Whisper to a Scream,11/3/2020
Grey's Anatomy: Season 3: Staring at the Sun,11/2/2020
Grey's Anatomy: Season 3: Where the Boys Are,11/2/2020
Grey's Anatomy: Season 3: Let the Angels Commit,11/2/2020
"Grey's Anatomy: Season 3: Oh, the Guilt",11/1/2020
After,10/30/2020
Grey's Anatomy: Season 3: What I Am,10/30/2020
Grey's Anatomy: Season 3: Sometimes a Fantasy,10/30/2020
Grey's Anatomy: Season 3: I Am a Tree,10/28/2020
Grey's Anatomy: Season 3: Time Has Come Today,10/28/2020
Grey's Anatomy: Season 2: Losing My Religion,10/27/2020
Grey's Anatomy: Season 2: Deterioration of the Fight or Flight Response,10/27/2020
Grey's Anatomy: Season 2: 17 Seconds,10/27/2020
Grey's Anatomy: Season 2: Damage Case,10/27/2020
Grey's Anatomy: Season 2: Blues for Sister Someone,10/27/2020
Grey's Anatomy: Season 2: The Name of the Game,10/25/2020
Grey's Anatomy: Season 2: Superstition,10/25/2020
Grey's Anatomy: Season 2: Band-Aid Covers the Bullet Hole,10/25/2020
Grey's Anatomy: Season 2: What Have I Done to Deserve This?,10/25/2020
The Haunting of Bly Manor: The Beast in the Jungle,10/24/2020
Grey's Anatomy: Season 2: Yesterday,10/24/2020
The Haunting of Bly Manor: The Romance of Certain Old Clothes,10/24/2020
"The Haunting of Bly Manor: The Two Faces, Part Two",10/24/2020
The Haunting of Bly Manor: The Jolly Corner,10/23/2020
The Haunting of Bly Manor: The Altar of the Dead,10/23/2020
Grey's Anatomy: Season 2: As We Know It,10/21/2020
Grey's Anatomy: Season 2: It's the End of the World,10/21/2020
Grey's Anatomy: Season 2: Break on Through,10/21/2020
Grey's Anatomy: Season 2: Tell Me Sweet Little Lies,10/20/2020
Grey's Anatomy: Season 2: Begin the Begin,10/20/2020
Grey's Anatomy: Season 2: Grandma Got Run Over by a Reindeer,10/20/2020
Grey's Anatomy: Season 2: Owner of a Lonely Heart,10/19/2020
Grey's Anatomy: Season 2: Much Too Much,10/19/2020
Grey's Anatomy: Season 2: Thanks for the Memories,10/19/2020
Grey's Anatomy: Season 2: Let It Be,10/19/2020
Grey's Anatomy: Season 2: Something to Talk About,10/18/2020
Grey's Anatomy: Season 2: Into You Like a Train,10/18/2020
Grey's Anatomy: Season 2: Bring the Pain,10/18/2020
"Grey's Anatomy: Season 2: Deny, Deny, Deny",10/18/2020
Grey's Anatomy: Season 2: Make Me Lose Control,10/18/2020
Grey's Anatomy: Season 2: Enough Is Enough (No More Tears),10/16/2020
Grey's Anatomy: Season 2: Raindrops Keep Falling On My Head,10/16/2020
Grey's Anatomy: Season 1: Who's Zoomin' Who?,10/16/2020
Grey's Anatomy: Season 1: Save Me,10/15/2020
Grey's Anatomy: Season 1: The Self-Destruct Button,10/15/2020
Grey's Anatomy: Season 1: If Tomorrow Never Comes,10/15/2020
Grey's Anatomy: Season 1: Shake Your Groove Thing,10/14/2020
Grey's Anatomy: Season 1: The First Cut Is the Deepest,10/14/2020
Grey's Anatomy: Season 1: A Hard Day's Night,10/14/2020
The Haunting of Bly Manor: The Way It Came,10/14/2020
Grey's Anatomy: Season 1: No Man's Land,10/12/2020
"The Haunting of Bly Manor: The Two Faces, Part One",10/11/2020
The Haunting of Bly Manor: The Pupil,10/11/2020
The Haunting of Bly Manor: The Great Good Place,10/11/2020
"Grey's Anatomy: Season 1: Winning a Battle, Losing the War",10/10/2020
Private Practice: In Which Sam Receives an Unexpected Visitor,10/5/2020
Criminal Minds: Season 12: Red Light,9/30/2020
Criminal Minds: Season 12: Green Light,9/30/2020
Criminal Minds: Season 12: Unforgettable,9/29/2020
Criminal Minds: Season 12: True North,9/27/2020
Criminal Minds: Season 12: Hell's Kitchen,9/27/2020
Criminal Minds: Season 12: In the Dark,9/26/2020
Crash Landing on You: Episode 11,9/25/2020
Criminal Minds: Season 12: Assistance Is Futile,9/22/2020
Criminal Minds: Season 12: Alpha Male,9/20/2020
Man Like Mobeen: Season 3: You Reap What You Sow,9/19/2020
Criminal Minds: Season 12: Collision Course,9/15/2020
Criminal Minds: Season 12: Spencer,9/14/2020
Criminal Minds: Season 12: A Good Husband,9/12/2020
Criminal Minds: Season 12: Surface Tension,9/12/2020
Criminal Minds: Season 12: Seek & Destroy,9/10/2020
Criminal Minds: Season 12: Profiling 202,9/6/2020
Criminal Minds: Season 12: Scarecrow,9/3/2020
The Umbrella Academy: Season 2: The End of Something,9/2/2020
The Umbrella Academy: Season 1: We Only See Each Other at Weddings and Funerals,9/2/2020
The Umbrella Academy: Season 2: 743,9/2/2020
The Umbrella Academy: Season 2: The Seven Stages,9/1/2020
The Umbrella Academy: Season 2: Öga for Öga,9/1/2020
The Umbrella Academy: Season 2: A Light Supper,9/1/2020
The Umbrella Academy: Season 2: Valhalla,9/1/2020
Criminal Minds: Season 12: Mirror Image,8/31/2020
The Umbrella Academy: Season 2: The Majestic 12,8/30/2020
Criminal Minds: Season 12: Elliott's Pond,8/30/2020
Criminal Minds: Season 12: The Anti-Terrorism Squad,8/29/2020
Criminal Minds: Season 12: Keeper,8/29/2020
Criminal Minds: Season 12: Taboo,8/28/2020
Criminal Minds: Season 12: Sick Day,8/27/2020
Criminal Minds: Season 12: The Crimson King,8/26/2020
Criminal Minds: Season 11: The Storm,8/24/2020
Criminal Minds: Season 11: Devil's Backbone,8/23/2020
Criminal Minds: Season 11: Inner Beauty,8/22/2020
Criminal Minds: Season 11: Tribute,8/21/2020
Criminal Minds: Season 11: A Beautiful Disaster,8/21/2020
Criminal Minds: Season 11: The Sandman,8/21/2020
Criminal Minds: Season 11: Derek,8/20/2020
Criminal Minds: Season 11: A Badge and a Gun,8/20/2020
Criminal Minds: Season 11: Hostage,8/19/2020
Criminal Minds: Season 11: The Bond,8/19/2020
Haikyu!!: Haikyu!! II: Wiping Out,8/18/2020
Haikyu!!: Haikyu!! II: The Iron Wall Can Be Rebuilt Again and Again,8/18/2020
Haikyu!!: Haikyu!! II: The Losers,8/18/2020
Haikyu!!: Haikyu!! II: Villagers B,8/18/2020
Haikyu!!: Haikyu!! II: Direct Sunlight,8/18/2020
Haikyu!!: Haikyu!! II: Let's Go to Tokyo!!,8/18/2020
Criminal Minds: Season 11: Drive,8/18/2020
Criminal Minds: Season 11: Entropy,8/18/2020
Criminal Minds: Season 11: Future Perfect,8/18/2020
Criminal Minds: Season 11: Internal Affairs,8/16/2020
Criminal Minds: Season 11: Awake,8/16/2020
Criminal Minds: Season 11: Target Rich,8/16/2020
Criminal Minds: Season 11: Pariahville,8/15/2020
Criminal Minds: Season 11: The Night Watch,8/15/2020
Criminal Minds: Season 11: Outlaw,8/14/2020
Criminal Minds: Season 11: 'Til Death Do Us Part,8/7/2020
Criminal Minds: Season 11: The Witness,8/7/2020
Criminal Minds: Season 11: The Job,8/6/2020
Criminal Minds: Season 10: The Hunt,8/6/2020
Crash Landing on You: Episode 10,8/5/2020
Crash Landing on You: Episode 9,8/5/2020
Criminal Minds: Season 10: Protection,8/5/2020
Criminal Minds: Season 10: Mr. Scratch,8/4/2020
Criminal Minds: Season 10: A Place at the Table,8/4/2020
Crash Landing on You: Episode 8,8/4/2020
Criminal Minds: Season 10: Beyond Borders,8/3/2020
Criminal Minds: Season 10: Rock Creek Park,8/3/2020
Criminal Minds: Season 10: Breath Play,8/3/2020
Criminal Minds: Season 10: Lockdown,8/2/2020
Criminal Minds: Season 10: Scream,8/2/2020
Criminal Minds: Season 10: Hero Worship,8/2/2020
Criminal Minds: Season 10: Nelson's Sparrow,7/29/2020
Criminal Minds: Season 10: Anonymous,7/28/2020
Criminal Minds: Season 10: The Forever People,7/27/2020
Criminal Minds: Season 10: Amelia Porter,7/27/2020
Criminal Minds: Season 10: Fate,7/27/2020
Criminal Minds: Season 10: The Boys of Sudworth Place,7/26/2020
Criminal Minds: Season 10: Hashtag,7/26/2020
Criminal Minds: Season 10: If the Shoe Fits,7/26/2020
Criminal Minds: Season 10: Boxed In,7/26/2020
About Time,7/26/2020
Clueless,7/25/2020
Criminal Minds: Season 10: The Itch,7/25/2020
Criminal Minds: Season 10: A Thousand Suns,7/24/2020
Criminal Minds: Season 10: Burn,7/24/2020
Criminal Minds: Season 10: X,7/24/2020
Criminal Minds: Season 9: Demons,7/23/2020
Criminal Minds: Season 9: Angels,7/23/2020
Criminal Minds: Season 9: Fatal,7/23/2020
Criminal Minds: Season 9: What Happens in Mecklinburg,7/22/2020
Criminal Minds: Season 9: Blood Relations,7/22/2020
Criminal Minds: Season 9: The Edge of Winter,7/21/2020
Criminal Minds: Season 9: Rabid,7/20/2020
Criminal Minds: Season 9: Persuasion,7/19/2020
Criminal Minds: Season 9: Gabby,7/19/2020
Criminal Minds: Season 9: Mr. and Mrs. Anderson,7/19/2020
Criminal Minds: Season 9: 200,7/18/2020
Criminal Minds: Season 9: The Road Home,7/18/2020
Criminal Minds: Season 9: The Black Queen,7/17/2020
Criminal Minds: Season 9: Bully,7/16/2020
Criminal Minds: Season 9: The Caller,7/16/2020
Criminal Minds: Season 9: Strange Fruit,7/15/2020
Criminal Minds: Season 9: The Return,7/15/2020
Criminal Minds: Season 9: Gatekeeper,7/15/2020
Criminal Minds: Season 9: In the Blood,7/15/2020
Criminal Minds: Season 9: Route 66,7/15/2020
Criminal Minds: Season 9: To Bear Witness,7/14/2020
Criminal Minds: Season 9: Final Shot,7/14/2020
Criminal Minds: Season 9: The Inspiration: Part 2,7/14/2020
Criminal Minds: Season 9: The Inspiration: Part 1,7/13/2020
Criminal Minds: Season 8: The Replicator,7/13/2020
Criminal Minds: Season 8: Brothers Hotchner,7/13/2020
Criminal Minds: Season 8: #6,7/13/2020
Criminal Minds: Season 8: Nanny Dearest,7/12/2020
Man Like Mobeen: Season 1: Wifey Riddim,7/11/2020
Kingdom: Season 1: Episode 3,7/11/2020
Kingdom: Season 1: Episode 2,7/11/2020
Kingdom: Season 1: Episode 1,7/11/2020
Criminal Minds: Season 8: Alchemy,7/10/2020
Criminal Minds: Season 8: Pay It Forward,7/9/2020
Criminal Minds: Season 8: Restoration,7/9/2020
Criminal Minds: Season 8: The Gathering,7/9/2020
Criminal Minds: Season 8: Carbon Copy,7/9/2020
Criminal Minds: Season 8: Broken,7/8/2020
Crash Landing on You: Episode 7,7/6/2020
Criminal Minds: Season 8: All That Remains,7/5/2020
Criminal Minds: Season 8: Magnum Opus,7/4/2020
Criminal Minds: Season 8: Zugzwang,7/3/2020
Criminal Minds: Season 8: Perennials,6/30/2020
Criminal Minds: Season 8: The Lesson,6/29/2020
Criminal Minds: Season 8: Magnificent Light,6/28/2020
Criminal Minds: Season 8: The Wheels on the Bus..,6/27/2020
Criminal Minds: Season 8: The Fallen,6/27/2020
Criminal Minds: Season 8: The Apprenticeship,6/27/2020
Criminal Minds: Season 8: The Good Earth,6/26/2020
Criminal Minds: Season 8: God Complex,6/25/2020
Criminal Minds: Season 8: Through the Looking Glass,6/25/2020
Criminal Minds: Season 8: The Pact,6/24/2020
Criminal Minds: Season 8: The Silencer,6/24/2020
Criminal Minds: Season 7: Run,6/23/2020
Criminal Minds: Season 7: Hit,6/23/2020
Criminal Minds: Season 7: Profiling 101,6/22/2020
Criminal Minds: Season 7: Divining Rod,6/22/2020
Criminal Minds: Season 7: The Company,6/21/2020
Criminal Minds: Season 7: Heathridge Manor,6/21/2020
Criminal Minds: Season 7: Foundation,6/20/2020
Crash Landing on You: Episode 6,6/19/2020
"Criminal Minds: Season 7: I Love You, Tommy Brown",6/18/2020
Criminal Minds: Season 7: A Family Affair,6/18/2020
Criminal Minds: Season 7: A Thin Line,6/18/2020
Criminal Minds: Season 7: Closing Time,6/18/2020
Criminal Minds: Season 7: Snake Eyes,6/18/2020
Room,6/17/2020
Criminal Minds: Season 7: Unknown Subject,6/17/2020
Criminal Minds: Season 7: True Genius,6/16/2020
Criminal Minds: Season 7: The Bittersweet Science,6/16/2020
Crash Landing on You: Episode 5,6/15/2020
Crash Landing on You: Episode 4,6/15/2020
Criminal Minds: Season 7: Self-Fulfilling Prophecy,6/14/2020
Criminal Minds: Season 7: Hope,6/14/2020
Criminal Minds: Season 7: There's No Place Like Home,6/13/2020
Criminal Minds: Season 7: Epilogue,6/11/2020
The Last Airbender,6/5/2020
Criminal Minds: Season 7: From Childhood's Hour,6/4/2020
Criminal Minds: Season 7: Painless,6/4/2020
Criminal Minds: Season 7: Dorado Falls,6/3/2020
Criminal Minds: Season 7: Proof,6/3/2020
Imagine That,5/29/2020
Criminal Minds: Season 7: It Takes A Village,5/27/2020
Criminal Minds: Season 6: Supply & Demand,5/27/2020
Miracle in Cell No. 7,5/27/2020
Criminal Minds: Season 6: Big Sea,5/27/2020
Criminal Minds: Season 6: Out Of The Light,5/27/2020
Criminal Minds: Season 6: The Stranger,5/27/2020
Criminal Minds: Season 6: Hanley Waters,5/26/2020
Criminal Minds: Season 6: With Friends Like These..,5/26/2020
Criminal Minds: Season 6: Lauren,5/26/2020
Criminal Minds: Season 6: Valhalla,5/26/2020
Criminal Minds: Season 6: Coda,5/26/2020
Criminal Minds: Season 6: Today I Do,5/26/2020
Criminal Minds: Season 6: Sense Memory,5/26/2020
Criminal Minds: Season 6: The Thirteenth Step,5/25/2020
Criminal Minds: Season 6: Corazon,5/25/2020
Criminal Minds: Season 6: 25 To Life,5/25/2020
Criminal Minds: Season 6: What Happens at Home...,5/25/2020
Criminal Minds: Season 6: Into The Woods,5/25/2020
Criminal Minds: Season 6: Reflection Of Desire,5/25/2020
Criminal Minds: Season 6: Middle Man,5/25/2020
Criminal Minds: Season 6: Devil's Night,5/24/2020
Criminal Minds: Season 6: Safe Haven,5/24/2020
Criminal Minds: Season 6: Compromising Positions,5/24/2020
Crash Landing on You: Episode 3,5/15/2020
Crash Landing on You: Episode 2,5/13/2020
Crash Landing on You: Episode 1,5/13/2020
Grey's Anatomy: Season 16: Nothing Left to Cling To,5/11/2020
Man Like Mobeen: Season 2: Fake News,5/9/2020
Man Like Mobeen: Season 2: Return of the Pack,5/8/2020
Man Like Mobeen: Season 2: Wrestling with the NHS,5/8/2020
Man Like Mobeen: Season 2: Prom Night,5/8/2020
Man Like Mobeen: Season 1: H-ALTRight,5/7/2020
Man Like Mobeen: Season 1: Upper Room,5/7/2020
The King: Eternal Monarch: Episode 2,5/3/2020
The King: Eternal Monarch: Episode 1,5/2/2020
Radio Rebel,4/30/2020
Greatest Events of WWII in Colour: Siege of Stalingrad,4/28/2020
Greatest Events of WWII in Colour: Battle of Midway,4/28/2020
Haikyu!!: Haikyu!! II: The Battle Without Will Power,4/26/2020
Haikyu!!: Haikyu!! II: Next,4/26/2020
The Princess Switch,4/26/2020
Haikyu!!: Haikyu!! II: Place to Play,4/23/2020
Haikyu!!: Haikyu!! II: Still Growing,4/23/2020
Haikyu!!: Haikyu!! II: A Simple and Pure Strength,4/22/2020
Haikyu!!: Haikyu!! II: Let the Games Begin!,4/21/2020
Haikyu!!: Haikyu!! II: Above,4/21/2020
Haikyu!!: Haikyu!! II: Gear,4/21/2020
Haikyu!!: Haikyu!! II: VS. Umbrella,4/21/2020
Haikyu!!: Haikyu!! II: Illusionary Hero,4/19/2020
American Assassin,4/18/2020
Olympus Has Fallen,4/18/2020
Meteor Garden: Episode 1,4/18/2020
Haikyu!!: Haikyu!! II: Moonrise,4/17/2020
Haikyu!!: Haikyu!! II: Tempo,4/17/2020
Greatest Events of WWII in Colour: Pearl Harbor,4/17/2020
Haikyu!!: Haikyu!! II: Greed,4/16/2020
Haikyu!!: Haikyu!! II: Center Ace,4/16/2020
Haikyu!!: The Third Day,4/15/2020
Haikyu!!: Removing the Solitary King,4/15/2020
Haikyu!!: The Point That Changes the Momentum,4/15/2020
Haikyu!!: Evolution,4/15/2020
Greatest Events of WWII in Colour: Battle of Britain,4/15/2020
Greatest Events of WWII in Colour: Blitzkrieg,4/14/2020
Roman Empire: Caligula: The Mad Emperor: The Rightful Heir,4/14/2020
Rugal: Episode 3,4/14/2020
Haikyu!!: Senpai's True Abilities,4/13/2020
Haikyu!!: Oikawa Toru is not a Genius,4/13/2020
Haikyu!!: Coaches,4/13/2020
Rugal: Episode 2,4/11/2020
Rugal: Episode 1,4/10/2020
Haikyu!!: Guarding Your Back,4/10/2020
Haikyu!!: The Iron Wall,4/10/2020
Haikyu!!: Winners and Losers,4/9/2020
Haikyu!!: Revival,4/9/2020
Haikyu!!: Formidable Opponents,4/9/2020
Haikyu!!: Rival,4/9/2020
Haikyu!!: Reunion of cat and crow,4/9/2020
Haikyu!!: Decision,4/9/2020
Haikyu!!: Yearning,4/9/2020
Haikyu!!: A Toss to the Ace,4/9/2020
Haikyu!!: He Who Is Called Ace,4/8/2020
Haikyu!!: Versus the Great King,4/8/2020
Haikyu!!: An Interesting Team,4/8/2020
Haikyu!!: A Coward's Anxiety,4/8/2020
Haikyu!!: The View from the Summit,4/8/2020
Haikyu!!: The Formidable Ally,4/8/2020
Haikyu!!: Karasuno High School Volleyball Club,4/8/2020
Haikyu!!: The End & the Beginning,4/7/2020
"Wait, My Youth: Episode 24",4/7/2020
"Wait, My Youth: Episode 10",4/7/2020
"Wait, My Youth: Episode 9",4/7/2020
"Wait, My Youth: Episode 8",4/7/2020
Spider-Man: Into the Spider-Verse,4/6/2020
"Private Practice: In Which We Meet Addison, a Nice Girl From Somewhere Else",4/6/2020
"Wait, My Youth: Episode 7",4/6/2020
"Wait, My Youth: Episode 6",4/6/2020
"Wait, My Youth: Episode 5",4/6/2020
"Wait, My Youth: Episode 4",4/6/2020
"Wait, My Youth: Episode 3",4/6/2020
"Wait, My Youth: Episode 2",4/6/2020
"Wait, My Youth: Episode 1",4/6/2020
To All the Boys: P.S. I Still Love You,4/5/2020
